:020000040800F2
:10000000601F00200501000849520008A9340008BB
:10001000455200088D0C0008815A000800000000BD
:100020000000000000000000000000004D53000828
:100030003D0D000800000000215300084F53000848
:100040001F0100081F0100081F0100081F01000810
:100050001F0100081F0100081F0100081F01000800
:100060001F0100081F0100081F0100081F010008F0
:100070001F0100081F010008D10C0008E10C000856
:10008000F10C0008010D00081F0100081F01000805
:100090001F0100081F0100081F0100081F010008C0
:1000A0001F010008C15300081F0100081F010008BC
:1000B000D1530008E15300081F010008BD340008B7
:1000C000AD3400081F0100081F0100081F010008CF
:1000D0001F010008615A0008715A00081F0100083A
:1000E0001F0100081F0100081F010008DFF810D0E1
:1000F00000F048FC00480047FD690008AFF30080AD
:10010000601F00200648804706480047FEE7FEE7DC
:10011000FEE7FEE7FEE7FEE7FEE7FEE7FEE7FEE7B7
:10012000BD530008ED000008202A04DB203A21FA24
:1001300002F00021704721FA02F3D040C2F1200200
:10014000914008431946704710B5431A934209D2AB
:100150008318881803E010F8011D03F8011D521ED2
:10016000F9D210BD40EA01039B0703D009E008C99A
:10017000121F08C0042AFAD203E011F8013B00F86C
:10018000013B521EF9D210BDD2B201E000F8012BA2
:10019000491EFBD270470022F6E710B513460A4607
:1001A00004461946FFF7F0FF204610BDF0B480EA80
:1001B0000102D40F4200B2EB410F02D202460846C0
:1001C00011464A0042D0C30DDDB2C1F3C752AD1A89
:1001D000202D35DAC1F3160141F4000204B1524278
:1001E000C5F1200602FA06F12A411044B3EBD05FB4
:1001F00023D0C4B1012DA0EBC35009DCF0BC4FF0FB
:10020000004202EAC352DBB200F5000000F017BB67
:10021000400000F1807000EBC350A0F1807040EA14
:10022000D170490009E0490841EAC071A0EBC35010
:1002300000F50000400800EBC350F0BC00F0F6BA37
:100240006142012202EB4101001BF6E7F0BC70475E
:1002500081F00041AAE780F00040A7E780EA0102B0
:1002600010B502F00043400022D04A001FD0010E1A
:1002700001EB1261C0F35600C2F3560240F40000D5
:1002800042F40002A0FB022000047F39140400D0D5
:10029000401C50EA124001D44000491EC2B20C0674
:1002A00004EBD010401C4008802A02D003E000205C
:1002B00010BD20F00100002900DA0020184310BD15
:1002C00030B480EA010202F0004530F0004221F033
:1002D000004013D090B1C30DD40DC2F31601C0F38A
:1002E0001600E41A41F4000140F400027D3491420A
:1002F00001D3641C00E04900002C02DA30BC00206D
:1003000070474FF400000023914201D3891A034340
:1003100040084FEA4101F7D151B1914202D14FF06B
:10032000004105E002D24FF0010101E06FF0010150
:1003300003EBC450284430BC00F078BA2DE9FE4FDE
:10034000804681EA0300C00F0C46009021F0004176
:1003500023F00045B8EB0200A94105D240462146F2
:1003600090461C460B46024623F00040104347D0FF
:10037000270DC7F30A00C3F30A510290401A0190F7
:1003800040286BDAC3F3130040F4801B00989246B8
:1003900020B10023D2EB030A63EB0B0B0198594603
:1003A000C0F14002504600F020FA06460D46504685
:1003B0005946019A00F028FA10EB08006141002428
:1003C00087EA115284EAE7731A4340D0009A62B375
:1003D000019A012A4FEA075215DC001B61EB02016A
:1003E0004FF0004202EA0752CDE90042001C41F5FD
:1003F000801132462B4600F05FFA03B0BDE8F08F63
:1004000040462146F9E7001B61EB0201001C41F563
:10041000801300185B412018A2F5001747EB030179
:1004200040EAD570B6196D4111E06D084FEA360605
:1004300045EAC0754FEA0752001B61EB0201001C40
:1004400041F5801149084FEA300000195141324608
:100450002B4603B0BDE8F04F00F01FBA0098012210
:1004600040000023D0EB020263EBE07300982146CA
:100470004FEAE074B8EB000061EB0401E9E783F0B8
:1004800000435BE781F0004158E72DE9FE4F81EA28
:10049000030404F0004421F0004100944FF0000BED
:1004A00023F0004350EA01045ED052EA03045BD01B
:1004B000C3F30A54C1F30A552C44A4F2F334019453
:1004C000A0FB0254C1F3130141F48011C3F31303E1
:1004D00043F4801301FB024400FB034E840A970A95
:1004E00044EA815447EA8357A4FB076802958D0AC2
:1004F00005FB07854FEA932C04FB0C542705029D4E
:100500004FEA065847EA1637B5EB08056EEB070CBD
:10051000870E920E47EA811742EA8312A7FB020177
:10052000B6EB0B0164EB00042B0D43EA0C335E18B1
:1005300044EB1C50DA465146E7FB0201C5F31304B5
:100540004FEA0B3343EA14534FEA0432019C43EA67
:100550000603A4F10C040294009CCDE900B400F061
:10056000ABF903B0BDE8F08F00200146F9E72DE9B3
:10057000F04D81EA030404F0004B21F000451446DD
:100580004FF0000A23F0004150EA050220D054EA5F
:1005900001021DD0C5F30A570246C5F31303C1F388
:1005A0001300C1F30A5640F4801543F48013A7EBFF
:1005B0000608101BD64608F2FD3873EB050002D37F
:1005C00008F1010801E092185B41B8F1000F03DA6D
:1005D00000200146BDE8F08D00204FF48011064652
:1005E00084460EE0171B73EB050705D3121B63EB64
:1005F000050306434CEA010C49084FEA3000921803
:100600005B4150EA0107EDD152EA030012D082EAC1
:10061000040083EA0501084305D0101BAB4106D254
:100620000122002306E000224FF0004302E06FF0B9
:10063000010253101AEB06004CEB085110EB0A00B4
:1006400041EB0B01BDE8F04D00F027B9C10F80EA86
:10065000E0700844CA079623002100F0F0B8962302
:100660000022114600F0EBB80EB540F23341029182
:100670000021CDE900110A460B4600F01DF903B038
:1006800000BD3EB5CA17CB0F002450405140C018E2
:100690006141DA0740F233430094CDE90123224659
:1006A000234600F009F903B030BD00F0004220F00D
:1006B0000040C10DC0F3160040F400007F2901DAAC
:1006C00000207047962903DCC1F19601C84001E083
:1006D00096398840002AF4D04042704700F000422A
:1006E00030F000400AD0C10D01F56071C0F3160072
:1006F00042EA0151C20840071143704700200146F9
:100700007047000030B5041E71F1000404DB4FF0A7
:100710000044404264EB0101141E73F1000405DB48
:100720001C464FF00043524263EB0403994208BF5A
:10073000904230BD002801DBC0F10040002901DB00
:10074000C1F1004181427047002801DBC0F1004047
:10075000002901DBC1F100418842704730B50B46EA
:10076000014600202022012409E021FA02F59D42E1
:1007700005D303FA02F5491B04FA02F52844151EB5
:10078000A2F10102F1DC30BD2DE9F05F0546002049
:1007900092469B4688460646814640241BE02846F2
:1007A000414647462246FFF7BFFC53465A46C01A09
:1007B000914110D311461846224600F016F82D1A22
:1007C00067EB01084F4622460120002100F00DF89A
:1007D00017EB00094E41201EA4F10104DFDC48465E
:1007E00031462A464346BDE8F09F202A04DB203AE2
:1007F00000FA02F1002070479140C2F1200320FA74
:1008000003F3194390407047202A06DBCB17203AA8
:1008100041FA02F043EAE07306E041FA02F3D04005
:10082000C2F1200291400843194670470029A8BF31
:100830007047401C490008BF20F00100704710B409
:10084000B0FA80FC00FA0CF050EA010404BF10BCBE
:10085000704749B1CCF1200421FA04F411FA0CF1EB
:1008600018BF012121430843A3EB0C01CB1D4FEA24
:1008700000614FEA102042BF002010BC704700EB1F
:10088000C35010440029A4BF10BC7047401C49004D
:1008900008BF20F0010010BC704710B5141E73F1A2
:1008A000000408DA401C41F1000192185B411A4330
:1008B00001D120F0010010BD2DE9F04D92469B467C
:1008C00011B1B1FA81F202E0B0FA80F22032904622
:1008D000FFF78BFF04460F4640EA0A0041EA0B018E
:1008E00053465A46084313D0114653EA010019D023
:1008F000C8F140025046FFF717FC05460E46504629
:1009000059464246FFF771FF084305D0012004E035
:1009100020463946BDE8F08D0020054346EAE076E2
:100920002C4337430A986305E40AA0EB0800002231
:10093000FD0A44EA47540A3002D500200146E9E79F
:10094000010510196941DDE9084500196941BDE853
:10095000F04DA2E7C1F30A52C1F3130140F2FF3395
:1009600041F480119A4202DA00200146704740F2B9
:1009700033439A42A2F2334202DC5242FFF7D4BB25
:10098000FFF733BF064C074D06E0E06840F0010377
:1009900094E8070098471034AC42F6D3FFF7AAFB5F
:1009A00014BA000834BA000870B58C1810F8015B4E
:1009B00015F0070301D110F8013B2A1106D110F8F8
:1009C000012B03E010F8016B01F8016B5B1EF9D1FC
:1009D0002B0705D40023521E0DD401F8013BFAE782
:1009E00010F8013BCB1A921C03E013F8015B01F8ED
:1009F000015B521EF9D5A142D8D3002070BD10B5BD
:100A000004462146012000F09BF910BD08B50020E6
:100A10000123B4224FF4C8710090184600F0AAF9DF
:100A200008BD2DE9F04106460C46154629463046DC
:100A3000FFF7BCFB07462146FFF77CFE05D229469F
:100A40003046FFF7B3FBBDE8F08129463046FFF79B
:100A5000FFFB07462146FFF777FE04D229463046C2
:100A6000FFF7F6FBEFE72046EDE770B506460D46CB
:100A7000144629463046FFF75DFE01D2284670BD78
:100A800021463046FFF760FE01D22046F7E73046A8
:100A9000F5E7000010B50446074800F017F80020FD
:100AA000064908700649086006490860064908605A
:100AB000214600F02BF810BD80000020A800002087
:100AC0004C00002050000020540000200021C16094
:100AD00001614161C1610162704770B50446002146
:100AE0002046FFF731FE08D84FF07C512046FFF733
:100AF0005DFB0546FFF7D9FD70BD4FF07C512046E8
:100B0000FFF7A6FB0546FFF7D0FDF5E72DE9F0411D
:100B100004460D461A480068261A002E00DA76426E
:100B20001848007818B1012E01DABDE8F0811548A7
:100B3000007828B114480068281A052800D2F4E784
:100B400000BFEFF31080074672B6104890F84100DE
:100B5000202809D12046FFF752FF094804600A48BF
:100B6000056001200749087000BF00BF00BFBFF348
:100B70005F8F00BF00BF00BF07B962B600BFD4E7F8
:100B8000B8000020C0000020BC0000202404002089
:100B90002DE9FC5F05460C463248007868B93248BA
:100BA0000560324804603248046001202D49087015
:100BB000002030490860BDE8FC9F2B4801682846AA
:100BC000FFF746FB064626F000482B494046FFF754
:100BD000BBFD3BD825480068271A87B33846FFF786
:100BE0003EFD82462549FFF739FB8046DFF890B08D
:100BF00041465846FFF7DAFA824651464046FFF72B
:100C00005FFB814641463046FFF75AFB01901D4A83
:100C10001D490198FFF729FF0190164801680198C6
:100C2000FFF716FB49460090FFF718FB8246114874
:100C300001685046FFF7BAFA0E49086000BF0A483B
:100C400005600A4804600A48046007E00848006834
:100C5000201AFA2802D300200649086005480068D7
:100C6000A9E70000A8000020AC000020B000002090
:100C7000B40000204C000020CDCC4C3D6F12833AD4
:100C8000AF4C593D00007A4400007AC400BFFEE733
:100C9000002008490872084908720849086048603D
:100CA00088600749086007490870074908600749D4
:100CB00008707047200700202C070020380700200C
:100CC00034000020380000203C00002040000020BC
:100CD00010B5024800F0FAF810BD0000B40400207E
:100CE00010B5024800F0F2F810BD0000F804002032
:100CF00010B5024800F0EAF810BD00003C050020E5
:100D000010B5024800F0E2F810BD00008005002098
:100D100030B590F840500124AC40C56B6C6004685D
:100D200063604468102C04D10468A2600468E16028
:100D300003E00468A1600468E26030BD7047000011
:100D400070B505460C4609480570FC2007494870F7
:100D5000200E8870200CC870200A08714C716B201E
:100D600088710722024802F057FB70BDF41600207C
:100D7000240400202DE9F04105460C4616461F4686
:100D8000DDF818800A480570F120094948702012E2
:100D90008870CC7008460671477180F806806B2019
:100DA000C8710822034802F037FBBDE8F08100005B
:100DB000E41600202404002072B600BFFEE70146BE
:100DC000002291F82100022808D00420886300BF87
:100DD000002081F8200000BF0120704708680068EB
:100DE00020F00E000B6818600868006820F0010011
:100DF0000B68186091F8403001209840CB6B586028
:100E0000012081F8210000BF002081F8200000BFF0
:100E10001046E2E770B50446002594F82100022848
:100E200003D00420A063012548E02068006820F07A
:100E30000E00216808602068006820F00100216829
:100E400008601F492068884201D1012026E01C4922
:100E500014312068884201D110201FE01849283140
:100E60002068884201D1801518E015493C3120687E
:100E7000884201D1801411E0114950312068884224
:100E800002D14FF4803009E00D4964312068884276
:100E900002D14FF4801001E04FF08070084908390A
:100EA0004860012084F8210000BF002084F8200061
:100EB00000BF606B10B12046616B8847284670BD4B
:100EC00008000240014691F82100704770B50446C1
:100ED000E06B05682068066894F84010042088409C
:100EE0002840002846D006F00400002842D02068A0
:100EF000006800F0200028B92068006820F0040095
:100F00002168086057492068884201D1042027E001
:100F1000544914312068884201D1402020E05149D1
:100F200028312068884201D1001519E04D493C3133
:100F30002068884202D14FF4804011E04949503185
:100F40002068884202D14FF4802009E0454964318D
:100F50002068884202D14FF4800001E04FF08060A9
:100F6000404908394860E06A00287AD02046E16AA2
:100F7000884776E094F84010022088402840A0B3CB
:100F800006F0020088B32068006800F0200040B935
:100F90002068006820F00A0021680860012084F8B9
:100FA000210030492068884201D1022028E02D49E3
:100FB00014312068884201D1202021E029492831BC
:100FC0002068884201D140151AE026493C3120684A
:100FD000884202D14FF4005012E02249503120687B
:100FE000884203D14FF400300AE017E01D49643114
:100FF0002068884202D14FF4001001E04FF00070E9
:1010000018490839486000BF002084F8200000BF5C
:10101000A06A30B32046A16A884722E094F84010C5
:10102000082088402840E0B106F00800C8B12068D8
:10103000006820F00E002168086094F8401001203C
:101040008840E16B48600120A06384F8210000BF64
:10105000002084F8200000BF206B10B12046216BD7
:10106000884770BD080002400146002209B90120EE
:101070007047164B0868C01A1423B0FBF3F08000C9
:10108000086412480838C863022081F82100086803
:10109000026843F6F0708243D1E901031843CB683C
:1010A00018430B6918434B6918438B691843CB6984
:1010B000184302430868026000208863012081F819
:1010C0002100002081F8200000BFD1E70800024085
:1010D0002DE9F04104460D4616461F464FF0000824
:1010E00000BF94F82000012802D10220BDE8F08161
:1010F000012084F8200000BF94F8210001282CD1A1
:10110000022084F821000020A0632068006820F0FD
:101110000100216808603B46324629462046FFF719
:10112000F7FDE06A30B12068006840F00E002168E9
:1011300008600BE02068006820F004002168086067
:101140002068006840F00A00216808602068006894
:1011500040F001002168086006E000BF002084F82C
:10116000200000BF4FF002084046BFE770B50446BC
:1011700000F0B8F906462546681C10B1044800780E
:10118000054400BF00F0AEF9801BA842FAD370BD41
:10119000080000202DE9F8470346002294466EE13E
:1011A0004FF0010808FA02F4D1F8008008EA0400C0
:1011B000A0427DD1DFF8DCA2D1F80480A8EB0A09B7
:1011C000D0453AD014DCB8F1030F50D009DCB8F1A7
:1011D000000F31D0B8F1010F1CD0B8F1020F49D186
:1011E00020E0B8F1110F18D0B8F1120F42D11EE073
:1011F000B9F5881F25D006DCB9F5803F20D0B9F5B8
:10120000801F37D11AE0B9F5001F18D0B9F5041FB7
:1012100030D117E0D1F80CC02DE0D1F80C8008F1E6
:10122000040C28E0D1F80C8008F1080C23E0D1F878
:101230000C8008F10C0C1EE000BF00BF00BF00BF17
:1012400000BF00BFD1F80880B8F1000F02D14FF005
:10125000040C0BE0D1F80880B8F1010F03D14FF076
:10126000080C1C6102E04FF0080C5C6103E04FF0D9
:10127000000C00E000BF00BFFF2801D8984601E045
:1012800003F104084646FF2802D84FEA820803E02B
:10129000A2F108084FEA88084746D6F800804FF0C8
:1012A0000F0909FA07F928EA09080CFA07F900E01A
:1012B00088E048EA0908C6F80080D1F8048008F000
:1012C0008058B8F1805F7DD100BFDFF8CC81D8F8BD
:1012D000188048F00108DFF8C091C9F81880C846A6
:1012E000D8F8188008F00108CDF8008000BF00BFD2
:1012F0004FEAB9384FEA920958F829504FEA8278F4
:101300004FEA18794FF00F0808FA09F825EA08059E
:10131000DFF88881434502D14FF0000816E0DFF87E
:101320008081434502D14FF001080FE0DFF874815E
:10133000434502D14FF0020808E0DFF86C814345D5
:1013400002D14FF0030801E04FF004084FEA827920
:101350004FEA197908FA09F848EA0505DFF84C81DF
:101360004FEA920948F82950D1F8048008F480180F
:10137000B8F5801F0AD1DFF83881D8F8008048EA34
:101380000008DFF82C91C9F8008009E0DFF820811F
:10139000D8F8008028EA0008DFF81491C9F8008026
:1013A000D1F8048008F40018B8F5001F10D1DFF858
:1013B000008108F10408D8F8008048EA0008DFF846
:1013C000F09000E05AE009F10409C9F800800DE04E
:1013D000DFF8DC8008F10408D8F8008028EA00086B
:1013E000DFF8CC9009F10409C9F80080D1F8048035
:1013F00008F40038B8F5003F0ED1DFF8B480A8F14A
:101400000408D8F8008048EA0008DFF8A490A9F1A1
:101410000409C9F800800DE0DFF89480A8F1040801
:10142000D8F8008028EA0008DFF88490A9F10409C0
:10143000C9F80080D1F8048008F48038B8F5803FFE
:101440000ED1DFF86C80A8F10808D8F8008048EACF
:101450000008DFF85C90A9F10809C9F800800DE0E8
:10146000DFF84C80A8F10808D8F8008028EA0008C6
:10147000DFF83C90A9F10809C9F80080521CD1F8A6
:10148000008028FA02F8B8F1000F7FF489AEBDE8B9
:10149000F887000000001110001002400008014011
:1014A000000C014000100140001401400800014000
:1014B00008040140024693680B400BB1012000E094
:1014C0000020704710B5C26821EA020302EA010455
:1014D00043EA0443036110BD0AB1016101E00B045A
:1014E0000361704701480068704700000000002059
:1014F000704770472DE9F84F044620684769206817
:10150000D0F80480002594F83E90C7F3002070B115
:10151000C8F3002058B145F001056FF480702168D0
:1015200048612068006840F4004021680860C7F303
:10153000402040B1C8F3002028B145F002056FF407
:10154000007021684861C7F3802070B3C8F30020A1
:1015500058B3CA46B4F82AB094F83D60206B0090A6
:10156000BAF1200F0FD1BBF1000F0CD1212E06D004
:10157000292E04D0282E06D10098212803D12046F8
:1015800002F0C2FE11E06FF480602168486145F00E
:101590000405B9F1100F02D0B9F1400F05D1206850
:1015A000006840F4007021680860C7F3C02040B1B3
:1015B000C8F3002028B145F008056FF400602168E9
:1015C00048612DB1206C28432064204602F012F8B7
:1015D000BDE8F88F2DE9F04705464FF0000928686F
:1015E0004668D5F82CA095F83E7095F83D80102FF0
:1015F00001D0402F75D12868D0F818902868446928
:1016000004F0010060B9BAF52A0F02D0BAF12A4FEE
:1016100001D1012000E00020012801D1BDE8F087C0
:1016200004F0010048B1C6F3402030B1284601F073
:101630004DFF284602F0FEFBB7E0C4F3C00030B116
:10164000C6F3402018B1284602F09FFAADE0C4F37B
:10165000400030B1C6F3402018B1284602F0AAFA83
:10166000A3E0C9F3800040B32868406800F400603C
:10167000B0F5006FE0D0C4F3C01048B1C6F38020CD
:1016800030B1C4F3800018B9284602F012FA8CE099
:10169000C4F380000028CFD0C6F340200028CBD070
:1016A000B8F1210F03D1284602F0B3F97DE0402FB5
:1016B0007BD1284602F00DFC77E02868406800F4F2
:1016C0000060B0F5006F70D0C4F3801050B1C6F365
:1016D000802038B1C4F3800020B9284602F017F901
:1016E00063E00BE0C4F3800000285ED0C6F3402026
:1016F00000285AD0284602F072F856E0286C10B143
:101700002868446904E02868D0F81890286844697B
:10171000C4F3400060B1C6F3402048B1286C10B15A
:101720002868D0F818904946284602F0B5FD3CE0FC
:10173000C4F3001030B1C6F3402018B1284602F0BF
:1017400037FE32E0B8F1210F02D0B8F1290F16D1DF
:10175000C4F3C01048B1C6F3802030B1C4F3800098
:1017600018B9284602F075FD1FE0C4F38000E0B10F
:10177000C6F34020C8B1284602F05EFD15E0C4F370
:10178000801048B1C6F3802030B1C4F3800018B98E
:10179000284602F02EFD08E0C4F3800028B1C6F30D
:1017A000402010B1284602F017FD00BF36E70000C8
:1017B0000349884202D10021024A1170704700009B
:1017C000A4010020DA00002070B504460CB9012005
:1017D00070BD94F83D0028B9002084F83C002046F4
:1017E00000F0D0FB242084F83D002068006820F041
:1017F0000100216808602068006840F4004021680A
:1018000008602068006820F400402168086000F04B
:10181000DDFD05465C496068884206D85B48854224
:1018200001D2012007E0002005E05948854201D29D
:10183000012000E00020012800D1C9E75548B5FB90
:10184000F0F62068406820F03F003043216848608F
:101850004D496068884201D8701C07E04FF49670CB
:1018600070434FF47A71B0FBF1F0401C2168096AB3
:1018700021F03F01084321680862434960688842BB
:1018800014D8681E61684900B0FBF1F0401CC0F339
:101890000B00042801D204203DE0681E6168490065
:1018A000B0FBF1F0401CC0F30B0034E0A06838B985
:1018B000681E616801EB4101B0FBF1F0401C0AE0D9
:1018C000681E616801EBC10202EB0111B0FBF1F08F
:1018D000401C40F48040C0F30B0008B901201AE01E
:1018E000A06848B9681E616801EB4101B0FBF1F0E6
:1018F000401CC0F30B000CE0681E616801EBC102E4
:1019000002EB0111B0FBF1F0401CC0F30B0040F4FE
:10191000804040F400402168C9694CF6FF72914351
:1019200008432168C861D4E90701084321680968B0
:1019300021F0C001084321680860D4E9031008437E
:101940002168896848F2FF32914308432168886022
:10195000D4E9050108432168C96821F0FF01084363
:101960002168C8602068006840F0010021680860B4
:1019700000202064202084F83D000020206384F8AB
:101980003E0000BF24E70000A086010080841E0006
:1019900000093D0040420F00704770477047704794
:1019A0000349884202D10021024A117070470000A9
:1019B000A4010020DA0000202DE9FE4F04460F4666
:1019C00090469946DDE90CAB0E9E00200290FFF791
:1019D00089FD054694F83D00202872D11923012283
:1019E000CE492046009502F0DCFD10B10220BDE892
:1019F000FE8F00BF94F83C00012801D10220F6E7D9
:101A0000012084F83C0000BF2068006800F001005D
:101A100028B92068006840F001002168086020684B
:101A2000006820F4006021680860222084F83D00EE
:101A3000402084F83E0000202064C4F824A0A4F8CC
:101A40002AB0608D2085B648E0624B464246394652
:101A50002046CDE9006502F09FFA08B10120C6E7F3
:101A6000208D88B900BF0020019020684069019056
:101A700020688069019000BF00BF2068006840F4C2
:101A80000070216808604BE0208D01281AD1206881
:101A9000006820F480602168086072B600BF0020F2
:101AA000019020684069019020688069019000BF22
:101AB00000BF2068006840F400702168086062B6CA
:101AC0002EE029E1208D022819D12068006840F419
:101AD00000602168086072B600BF00200190206895
:101AE0004069019020688069019000BF00BF2068B4
:101AF000006820F480602168086062B610E0206809
:101B0000006840F480602168086000BF00200190F8
:101B100020684069019020688069019000BF00BF83
:101B2000EBE0208D03287DD8208D012815D12A4691
:101B30003146204602F011FE08B1012057E7206827
:101B40000069616A0870606A401C6062208D401EF6
:101B50002085608D401E6085CFE0208D02282CD12D
:101B6000334600226F492046009502F01AFD08B165
:101B700001203CE772B62068006840F400702168DC
:101B8000086020680069616A0870606A401C6062D1
:101B9000208D401E2085608D401E608562B62068C5
:101BA0000069616A0870606A401C6062208D401E96
:101BB0002085608D401E60859FE033460022594994
:101BC0002046009502F0EDFC08B101200FE72068E7
:101BD000006820F480602168086072B6206800699F
:101BE000616A0870606A401C6062208D401E20851A
:101BF000608D401E60854C4800681921B0FBF1F0F3
:101C00004FF47A71B0FBF1F0C0EBC00000EB800044
:101C1000029000BF0298401E02900298A8B90020CE
:101C2000206300E039E0202084F83D00002084F8A3
:101C30003E00206C40F02000206462B600BF00200F
:101C400084F83C0000BF0120D1E620684069C0F361
:101C500080000028DED02068006840F40070216811
:101C6000086020680069616A0870606A401C6062F0
:101C7000208D401E2085608D401E608562B62068E4
:101C80000069616A0870606A401C6062208D401EB5
:101C90002085608D401E60852FE02A463146204613
:101CA00002F05BFD08B10120A1E620680069616ACD
:101CB0000870606A401C6062208D401E2085608D27
:101CC000401E608520684069C0F38000A8B1208D67
:101CD000032805D12068006820F48060216808602E
:101CE00020680069616A0870606A401C6062208D2B
:101CF000401E2085608D401E6085208D00287FF469
:101D000010AF202084F83D00002084F83E0000BF82
:101D100084F83C0000BF6AE6022068E6020010007A
:101D20000000FFFF040001000C0000202DE9FC5F13
:101D300004460F4690469946DDE90CAB0E9EFFF730
:101D4000D1FB054694F83D0020287DD119230122BE
:101D50004D492046009502F024FC10B10220BDE858
:101D6000FC9F00BF94F83C00012801D10220F6E757
:101D7000012084F83C0000BF2068006800F00100EA
:101D800028B92068006840F00100216808602068D8
:101D9000006820F4006021680860212084F83D007C
:101DA000402084F83E0000202064C4F824A0A4F859
:101DB0002AB0608D20853548E0624B464246394660
:101DC0002046CDE9006502F097F908B10120C6E789
:101DD00031E02A463146204602F02CFD50B1206CFD
:101DE000042805D12068006840F40070216808606C
:101DF0000120B4E7606A007821680861606A401CCD
:101E00006062208D401E2085608D401E60852068A8
:101E10004069C0F3800070B1208D60B1606A0078C5
:101E200021680861606A401C6062208D401E208528
:101E3000608D401E6085208D0028CAD12A4631461B
:101E4000204602F07BFB00E01CE050B1206C04282F
:101E500005D12068006840F4007021680860012006
:101E60007DE72068006840F4007021680860202049
:101E700084F83D00002084F83E0000BF84F83C0058
:101E800000BF6CE702206AE7020010000000FFFFBD
:101E9000F8B50446DDE906560020009094F83D00B0
:101EA000202869D1354800681927B0FBF7F04FF4B6
:101EB0007A77B0FBF7F000EBC00707EB001000905B
:101EC00000BF0098401E0090009868B90020206371
:101ED000202084F83D00002084F83E00206C40F073
:101EE000200020640220F8BD20688069C0F3400013
:101EF0000028E6D100BF94F83C00012801D102205F
:101F0000F1E7012084F83C0000BF2068006800F081
:101F1000010028B92068006840F001002768386097
:101F20002068006820F4006027683860212084F869
:101F30003D00402084F83E000020206465626685F4
:101F4000608D20850E48E0626164A264E364002035
:101F500020652068006840F480702768386000BF02
:101F6000002084F83C0000BF2068406840F4E06036
:101F7000276878600020B6E70220B4E70C00002054
:101F80000000FFFF10B586B00446002002900390C9
:101F90000490059038492068884240D100BF3748F6
:101FA000806940F00800354988610846806900F082
:101FB0000800019000BF00BF4FF440700290122053
:101FC00003900320059002A92D48FFF7E3F800BF16
:101FD0002C49486840F0E06040F00200486000BFD3
:101FE00000BF2648C06940F400102449C861084673
:101FF000C06900F40010019000BF00BF0022012161
:102000001F2000F0C5F81F2000F0B2F800220121C7
:10201000202000F0BDF8202000F0AAF82AE01A499C
:102020002068884226D100BF1448806940F008002B
:10203000124988610846806900F00800019000BFDD
:1020400000BF4FF4406002901220039003200590DF
:1020500002A90B48FFF79EF800BF0848C06940F48A
:1020600080000649C8610846C06900F480000190FC
:1020700000BF00BF06B010BD005400400010024079
:10208000000C0140000001400058004070477047BC
:10209000034800680349097808440149086070470B
:1020A000000000200800002010B50848006840F03B
:1020B000100006490860032000F0A8F80F2000F087
:1020C00007F800F02BF8002010BD000000200240AF
:1020D00070B504460E4800784FF47A71B1FBF0F009
:1020E0000C490968B1FBF0F5284600F0F9FB08B18E
:1020F000012070BD102C07D200222146501E00F096
:1021000047F80548046001E00120F2E70020F0E70D
:10211000080000200C0000200400002008B500BFCB
:102120001148806940F001000F49886108468069C4
:1021300000F00100009000BF00BF00BF0846C0696A
:1021400040F08050C8610846C06900F0805000909F
:1021500000BF00BF00BF0549486820F0E06040F0C4
:102160000070486000BF08BD001002400000014040
:1021700001460846002809DB00F01F0301229A40AF
:1021800043099B0003F1E023C3F8002100BF70471F
:102190002DE9F05F80460D461646002703F0ACFFA0
:1021A000074639462A46334601F00700C0F1070AC0
:1021B000BAF1040F02D94FF0040A01E0C0F1070A96
:1021C000D14600F1040ABAF1070F02D24FF0000A1B
:1021D00001E0A0F1030AD4464FF0010A0AFA09FA15
:1021E000AAF1010A0AEA020A0AFA0CFA4FF0010BF4
:1021F0000BFA0CFBABF1010B0BEA030B4AEA0B04E5
:102200002146404603F080FFBDE8F09F00BF00F08C
:102210000702064B19684FF6FF031940044B0B43A6
:1022200043EA0221014B196000BF70470CED00E04A
:102230000000FA0570B504460D460CB9012070BDCA
:102240005A48006800F00700A8420ED257480068BC
:1022500020F007002843554908600846006800F050
:102260000700A84201D00120E9E7207800F0020031
:1022700002281DD1207800F00400042805D14C4824
:10228000406840F4E0604A494860207800F0080067
:10229000082805D14648406840F4605044494860E9
:1022A0004348406820F0F000A16808434049486076
:1022B000207800F0010078B36068012806D13C481E
:1022C000006800F4003090B90120B8E76068022887
:1022D00006D13748006800F0007040B90120AEE731
:1022E0003348006800F0020008B90120A7E7304831
:1022F000406820F00300616808432D494860FFF7FB
:10230000F1F8064609E0FFF7EDF8801B41F288314D
:10231000884202D9032092E707E02548406800F090
:102320000C006168B0EB810FEDD12048006800F02F
:102330000700A8420ED91D48006820F00700284376
:102340001A4908600846006800F00700A84201D05A
:10235000012074E7207800F00400042807D1144815
:10236000406820F4E060E168084311494860207843
:1023700000F00800082808D10D48406820F460509B
:10238000216940EAC1000A49486000F03FF8084965
:102390004968C1F30311074A515CC8400649086007
:1023A00006480068FFF794FE002048E7002002403E
:1023B000001002405C6E00080C00002004000020A9
:1023C00001480068704700000C00002000B5FFF7CE
:1023D000F7FF04494968C1F30221034A515CC84030
:1023E00000BD0000001002406C6E000800B5FFF751
:1023F000E7FF04494968C1F3C221034A515CC84060
:1024000000BD0000001002406C6E000870B5002195
:102410000022002400230020134D696801F00C0500
:10242000F5B1042D02D0082D19D101E00F4819E0B3
:102430000F4DC1F38346AB5D01F4803555B10A4DB4
:102440006D68C5F340450B4E725D084D5D43B5FBAD
:10245000F2F402E0084D03FB05F4204602E000BF61
:10246000024800BF00BF70BD0010024000127A0099
:102470004A6E00085A6E000800093D00F8B504468F
:102480000CB90120F8BD207800F00100002878D0B8
:10249000F848406800F00C0004280CD0F54840686B
:1024A00000F00C00082811D1F248406800F4803098
:1024B000B0F5803F0AD1EF48006800F400300028F2
:1024C0005FD0606800285CD10120DBE700BF606856
:1024D000B0F5803F06D1E748006840F48030E54918
:1024E000086028E0606858B9E248006820F480304D
:1024F000E04908600846006820F4802008601AE07F
:102500006068B0F5A02F0BD1DA48006840F4802055
:10251000D84908600846006840F4803008600AE046
:10252000D448006820F48030D2490860084600682A
:1025300020F48020086000BF606888B1FEF7D2FFF9
:10254000054606E0FEF7CEFF401B642801D90320B4
:1025500098E7C848006800F400300028F2D010E086
:10256000FEF7C0FF054606E0FEF7BCFF401B6428EF
:1025700001D9032086E7BF48006800F40030002836
:10258000F2D1207800F00200022857D1B948406803
:1025900000F00C0050B1B748406800F00C0008286B
:1025A00018D1B448406800F4803098B9B148006848
:1025B00000F0020020B12069012801D0012061E76C
:1025C000AC48006820F0F800616940EAC100A94900
:1025D000086033E02069E8B10120A7490860FEF7F0
:1025E00081FF054606E0FEF77DFF401B022801D96A
:1025F000032047E79F48006800F002000028F2D05F
:102600009C48006820F0F800616940EAC1009949DF
:10261000086013E0002098490860FEF763FF054654
:1026200006E0FEF75FFF401B022801D9032029E7DF
:102630009048006800F002000028F2D1207800F0F5
:10264000080008282DD1A069B8B101208B49086085
:10265000FEF748FF054606E0FEF744FF401B022850
:1026600001D903200EE78348406A00F002000028E9
:10267000F2D0012002F056FE13E000207F490860EE
:10268000FEF730FF054606E0FEF72CFF401B022850
:1026900001D90320F6E67748406A00F002000028DE
:1026A000F2D1207800F00400042873D1002771488B
:1026B000C06900F0805070B900BF6E48C06940F03A
:1026C00080506C49C8610846C06900F08050009095
:1026D00000BF00BF01276A48006800F48070B0B9ED
:1026E0006748006840F4807065490860FEF7FAFEAC
:1026F000054606E0FEF7F6FE401B642801D90320DC
:10270000C0E65F48006800F480700028F2D000BF87
:10271000E068012806D15748006A40F00100554999
:10272000086227E0E06858B95248006A20F00100CA
:10273000504908620846006A20F00400086219E067
:10274000E06805280BD14B48006A40F00400494975
:1027500008620846006A40F0010008620AE0454845
:10276000006A20F00100434908620846006A20F030
:102770000400086200BFE068A0B1FEF7B3FE0546A2
:1027800009E0FEF7AFFE401B41F28831884202D9D2
:10279000032077E622E03748006A00F002000028B4
:1027A000EFD012E0FEF79EFE054608E0FEF79AFE27
:1027B000401B41F28831884201D9032062E62D484E
:1027C000006A00F002000028F0D1012F05D129484D
:1027D000C06920F080502749C86100BFE069C8B3D4
:1027E0002448406800F00C00082860D0E069022806
:1027F00048D1002020490866FEF774FE054606E031
:10280000FEF770FE401B022801D903203AE6194862
:10281000006800F000700028F2D1206AB0F5803F17
:1028200007D11448406820F40030A16808431149DA
:102830004860D4E9080108430E49496821F474113D
:1028400008430C49486001200B490866FEF74AFE20
:10285000054607E03DE0FEF745FE401B022801D992
:1028600003200FE60348006800F000700028F2D053
:102870002FE000000010024000004242800442426B
:1028800000700040002014490866FEF72BFE054644
:1028900006E0FEF727FE401B022801D90320F1E5E0
:1028A0000E48006800F000700028F2D111E0E069E5
:1028B000012800D1E6E50948466806F48031206A1F
:1028C000814204D106F47011606A814201D0012076
:1028D000D8E50020D6E5000000004242001002408A
:1028E00070B504462546681EB0F1807F01D30120F3
:1028F0000FE0681E4FF0E02148610F214FF0FF30DC
:1029000003F002FC00204FF0E021886107200861FD
:10291000002070BD7047704730B502460B4600BFBF
:1029200092F83C00012801D1022030BD012082F83C
:102930003C0000BF022082F83D0010684468106827
:10294000816824F070041868044310684460104DD6
:102950001068A8420BD01068B0F1804F07D00D4D21
:102960001068A84203D00C4D1068A84205D121F090
:1029700080015868014310688160012082F83D00A1
:1029800000BF002082F83C0000BF00BFCDE7000080
:10299000002C0140000400400008004010B504462F
:1029A0000CB9012010BD94F83D0028B9002084F82E
:1029B0003C00204600F026F8022084F83D00211D4E
:1029C000206802F015FD012084F8460000BF84F85D
:1029D0003E0001213F200155402001554120015575
:1029E00000BF00BF012084F842004320015544206D
:1029F00001554520015500BF012084F83D0000200D
:102A0000D0E7000038B5044628492068884216D12E
:102A100000BF2748806940F4006025498861084666
:102A2000806900F40060009000BF00BF00221146E2
:102A30001920FFF7ADFB1920FFF79AFB34E020685F
:102A4000B0F1804F16D100BF1948C06940F00100B5
:102A50001749C8610846C06900F00100009000BF36
:102A600000BF002202211C20FFF792FB1C20FFF771
:102A70007FFB19E00F492068884215D100BF0C4840
:102A8000C06940F002000A49C8610846C06900F008
:102A90000200009000BF00BF002202211D20FFF7AE
:102AA00077FB1D20FFF764FB38BD0000002C0140C0
:102AB0000010024000040040014691F83D0001284A
:102AC00001D001207047022081F83D000868C068ED
:102AD00040F001000B68D860124B086898420BD098
:102AE0000868B0F1804F07D00F4B0868984203D0B8
:102AF0000E4B086898420CD10868806800F0070205
:102B0000062A0CD00868006840F001000B681860C5
:102B100005E00868006840F001000B6818600020BC
:102B2000D0E70000002C01400004004000080040F5
:102B30002DE9F04104460D46002700BF94F83C0003
:102B4000012802D10220BDE8F081012084F83C0078
:102B500000BF022084F83D002068866826F07706D2
:102B600026F47F46206886602868502833D00CDC25
:102B7000202850D004DC00284BD0102851D149E047
:102B8000302849D040284CD139E060282DD0702819
:102B900007D0B0F5805F03D0B0F5005F41D10DE004
:102BA00041E0D5E902136A68206802F063FC2068FE
:102BB000866846F077062068866034E0D5E902131F
:102BC0006A68206802F056FC2068806840F4804003
:102BD0002168886027E0EA686968206802F05EFC86
:102BE0005021206802F051FC1DE0EA686968206805
:102BF00002F067FC6021206802F047FC13E0EA68FD
:102C00006968206802F04AFC4021206802F03DFC1F
:102C100009E000BF00BF00BF2968206802F035FC52
:102C200001E0012700BF00BF012084F83D0000BF84
:102C3000002084F83C0000BF384684E7704770B538
:102C400004462068C5682068066906F0020002286C
:102C500019D105F00200022815D1401F2168086132
:102C6000012020772068806900F0030018B1204619
:102C7000FFF7E4FF05E0204600F097F8204600F05B
:102C800095F80020207706F00400042819D105F0FB
:102C90000400042815D1C043216808610220207770
:102CA0002068806900F4407018B12046FFF7C6FF25
:102CB00005E0204600F079F8204600F077F8002083
:102CC000207706F00800082819D105F00800082828
:102CD00015D1C04321680861042020772068C069AD
:102CE00000F0030018B12046FFF7A8FF05E02046DA
:102CF00000F05BF8204600F059F80020207706F03D
:102D00001000102819D105F01000102815D1C0436B
:102D100021680861082020772068C06900F44070AD
:102D200018B12046FFF78AFF05E0204600F03DF885
:102D3000204600F03BF80020207706F0010048B163
:102D400005F0010030B16FF00100216808612046F4
:102D500000F02EF806F08000802809D105F08000F0
:102D6000802805D1C043216808612046FFF7D2FDC5
:102D700006F04000402809D105F04000402805D168
:102D8000C04321680861204600F024F806F02000C6
:102D9000202809D105F02000202805D1C043216852
:102DA00008612046FFF7B7FD70BD7047704700000F
:102DB00010B504462068B0F1804F01D103F03AF815
:102DC00003492068884201D102F0D4FF10BD000001
:102DD000000400407047F8B504460D46164694F8C6
:102DE000420020282DD105B10EB90120F8BD0120E7
:102DF00020630020606332462946204602F09CFD95
:102E00000746206B012819D100BF002000902068E0
:102E10000068009020684068009000BF00BF00BFBD
:102E200000BF21680C3151E8001F41F010002168FB
:102E30000C3141E80002002AF3D100E001273846B6
:102E4000D4E70220D2E7000070B505460C460F48D3
:102E50000068854200D070BD4FF480710C48FEF7C9
:102E600031FBB4F5807F01D94FF4807409480078B4
:102E700018B1204601F0DEFD05E02146064801F0CC
:102E8000CBFD01F04FFE00BFE5E700009001002000
:102E900000080140960100209819002010B5044652
:102EA00005480068844200D010BD00200349088016
:102EB00001F038FE00BFF7E79001002098010020E4
:102EC0002DE9F84F0446206805682068C668206828
:102ED00047694FF00009CA4605F00F09B9F1000F24
:102EE0000AD105F0200038B106F0200020B12046BC
:102EF00002F025FCBDE8F88FB9F1000F7BD007F098
:102F0000010018B906F49070002874D005F0010093
:102F100030B106F4807018B1606C40F0010060645C
:102F200005F0040030B107F0010018B1606C40F00A
:102F30000200606405F0020030B107F0010018B132
:102F4000606C40F00400606405F0080048B106F0D1
:102F5000200010B907F0010018B1606C40F00800C3
:102F60006064606C002845D005F0200028B106F0B0
:102F7000200010B1204602F0E2FB20684069C0F357
:102F8000801A606C00F0080010B9BAF1000F2CD064
:102F9000204602F07BFB2068406900F0400000B34F
:102FA00000BF00BF2168143151E8001F21F040002C
:102FB0002168143141E80002002AF3D100BFE06B20
:102FC00050B17748E16B4863E06BFDF723FF88B1B0
:102FD000E06B416B88470DE02046FFF75FFF09E09B
:102FE00009E02046FFF75AFF04E02046FFF756FFAE
:102FF000002060647EE7206B012877D105F0100087
:10300000002873D006F010000028FAD000BF00207E
:10301000009020680068009020684068009000BF21
:1030200000BF2068406900F0400000285FD0E06BDE
:10303000006840681FFA80F8B8F1000F55D0A08DE5
:10304000404552DDA4F82E80E06B8069202843D0F3
:1030500000BF00BF21680C3151E8001F21F48070CF
:1030600021680C3141E80002002AF3D100BF00BF03
:1030700000BF2168143151E8001F21F001002168D0
:10308000143141E80002002AF3D100BF00BF00BFA5
:103090002168143151E8001F21F0400021681431EB
:1030A00041E80002002AF3D100BF202084F842004A
:1030B0000020206300BF00BF21680C3151E8001FD1
:1030C00021F0100021680C3141E80002002AF3D100
:1030D00000BFE06BFDF773FE02206063A08DE28D00
:1030E000801A81B22046FFF7AFFE03E742E0A08DD1
:1030F000E18D401A1FFA80F8E08DD0B3B8F1000FCF
:1031000037D000BF00BF21680C3151E8001F21F407
:10311000907021680C3141E80002002AF3D100BF11
:1031200000BF00BF2168143151E8001F21F00100E9
:103130002168143141E80002002AF3D100BF2020A9
:1031400084F842000020206300BF00BF21680C31DA
:1031500051E8001F21F0100021680C3141E8000205
:10316000002AF3D100BF0220606341462046FFF7EA
:103170006BFEBFE605F0800030B106F0800018B1AC
:10318000204602F03DFCB5E605F0400030B106F007
:10319000400018B1204602F0AFFAABE600BFA9E646
:1031A000EB54000810B504460CB9012010BDA0690D
:1031B00000B100E000BF94F8410028B9002084F875
:1031C0004000204600F02AF8242084F841002068BE
:1031D000C06820F400502168C860204602F02EFB31
:1031E0002068006920F490402168086120684069E7
:1031F00020F02A00216848612068C06840F400502F
:103200002168C86000206064202084F8410084F8B0
:1032100042000020606300BFC8E7000010B586B020
:1032200004460020029003900490059070492068A5
:1032300088426AD100BF6F48806940F480406D4980
:1032400088610846806900F48040019000BF00BF9B
:1032500000BF0846806940F0040088610846806924
:1032600000F00400019000BF00BF4815029002204A
:1032700003900320059002A95F48FDF78BFF4FF4F0
:103280008060029000200390049002A95A48FDF744
:1032900081FF5A485A490860102048600021584868
:1032A00081608021C1600021016141618161C16152
:1032B000FDF7DAFE08B1FDF77FFD00BF5048A063BF
:1032C000446200BF4D4814304E49086000204860F9
:1032D00000214C4881608021C16000210161416171
:1032E0008161C161FDF7C0FE08B1FDF765FD00BF5A
:1032F0004448E063446200BF002201212520FEF71C
:1033000047FF2520FEF734FF6FE03F4920688842E1
:103310006BD100BF3748C06940F400303549C861FF
:103320000846C06900F40030019000BF00BF00BF34
:103330000846806940F0040088610846806900F012
:103340000400019000BF00BF0420029002200390FF
:103350000320059002A92848FDF71CFF08200290D1
:1033600000200390049002A92348FDF713FF23488F
:1033700028302649086000204860002123488160E9
:103380008021C16000210161416120218161090228
:10339000C161FDF769FE08B1FDF70EFD00BF1B48D6
:1033A000E063446200BF15483C30194908601020B2
:1033B00048600021164881608021C16000210161C0
:1033C00041618161C161FDF74FFE08B1FDF7F4FC79
:1033D00000BF0F48A063446200BF002201212620E5
:1033E000FEF7D6FE2620FEF7C3FE06B010BD000095
:1033F0000038014000100240000801404400024033
:10340000B4040020F8040020004400403C050020E3
:103410008005002070477047F7B50446154694F8BC
:103420004100202836D1019800B10DB90120FEBD20
:1034300001982062A584E58400206064212084F83E
:1034400041001548A16B88621448A16BC8621448FA
:10345000A16B08630020A16B486301AE23681A1DAD
:1034600031682B46A06BFDF733FE6FF040002168FA
:10347000086000BF00BF2168143151E8001F41F00F
:1034800080002168143141E80002002AF3D100BF16
:103490000020CCE70220CAE7275600087F56000824
:1034A000FF5400087047704700BFFEE710B50248A0
:1034B000FEF720F810BD0000A401002010B502485E
:1034C000FEF788F810BD0000A4010020C16AB1F524
:1034D0002A0F02D10121C16205E0C16AB1F12A4F70
:1034E00001D10821C1627047F8B50546002000905F
:1034F0006C6A94F83D60394800681921B0FBF1F01E
:103500004FF47A71B0FBF1F0C0EBC00000EB80002B
:10351000009000BF009820B9206C40F0200020648B
:1035200009E00098401E00902068006800F40070D8
:10353000B0F5007FEED000BF606B10B10020616B72
:103540008862A06B10B10020A16B886220680068BF
:1035500020F480602168086000206085606B10B1F5
:103560000020616B4863A06B10B10020A16B486321
:103570002068006820F001002168086094F83D0090
:1035800060280AD1202084F83D00002084F83E0005
:1035900020642046FDF7ACFF1EE006F02800282836
:1035A00011D12068006840F001002168086020689F
:1035B000006840F4806021680860002020632820B3
:1035C00084F83D0005E0202084F83D00002084F8C8
:1035D0003E002046FEF7ECF8F8BD00000C0000208D
:1035E00001684969C1F3C01111B10021026811617C
:1035F000704700002DE9F041044694F83D6094F8CE
:103600003E70102F01D0402F07D1222E05D1206807
:10361000006820F400602168086006F0280028286F
:1036200005D100202063282084F83D0010E02068A8
:10363000406800F40060B0F5006F07D0602E05D040
:10364000202084F83D00002084F83E000020206304
:103650002068406800F40060B0F5006F40D1206839
:10366000406820F4006021684860606B90F8210099
:10367000012814D04848616B4863606BFDF7CAFBB2
:1036800000285BD02068006820F0010021680860F5
:10369000202084F83D00606B416B88474EE03E4837
:1036A000A16B4863A06BFDF7B5FB002846D02068EE
:1036B0004069C0F3801030B120680069616A087009
:1036C000606A401C60622068006820F00100216888
:1036D0000860202084F83D00A06B416B88472DE0F6
:1036E00094F83D0060281AD1202084F83D00002085
:1036F000206420684069C0F3801030B12068006900
:10370000616A0870606A401C60622068006820F08E
:103710000100216808602046FDF7EAFE0EE02068FF
:103720004069C0F3801030B120680069616A087098
:10373000606A401C60622046FEF73AF8256C05F08E
:10374000010058B905F00200022807D005F0040076
:10375000042803D005F00800082805D12068406837
:1037600020F4E0602168486094F83D60206C00F02F
:10377000040004280ED1282E0CD10848E062002055
:103780002063202084F83D00002084F83E0020467D
:10379000FEF702F9BDE8F081E93400080000FFFF00
:1037A000014608684069C0F38020B0B16FF48060C2
:1037B0000A68506100200863202081F83D00002045
:1037C00081F83E00086C40F00400086400BF00204F
:1037D00081F83C0000BF012070470020FCE770B575
:1037E0000446E56A608D042810D12068406820F402
:1037F00080602168486020680069616A0870606ABA
:10380000401C6062608D401E60857FE0608D0328F3
:103810001AD12068406820F4806021684860042D37
:1038200007D0022D05D02068006820F48060216850
:10383000086020680069616A0870606A401C606204
:10384000608D401E608561E0608D022854D1012D9D
:1038500001D0102D06D12068006820F48060216816
:10386000086010E0042D01D0022D06D12068006808
:1038700040F480602168086005E02068006840F43A
:1038800000702168086020680069616A0870606AD9
:10389000401C6062608D401E608520680069616A1E
:1038A0000870606A401C6062608D401E6085206800
:1038B000406820F4407021684860202084F83D0072
:1038C00094F83E00402807D1002084F83E00206391
:1038D0002046FEF764F819E0002084F83E00082D29
:1038E00001D0202D02D10020206301E012202063AE
:1038F0002046FEF752F809E020680069616A087006
:10390000606A401C6062608D401E608570BD70B54D
:10391000044694F83D0022287AD1E66A658D032D8D
:1039200013D920680069616A0870606A401C60628F
:10393000608D401E6085608D032868D120684068D6
:1039400020F480602168486061E0E06A022858D075
:10395000012D01D0002D54D1204600F043FFA0BB23
:103960002068006820F48060216808602068406852
:1039700020F4E0602168486020680069616A08708E
:10398000606A401C6062608D401E6085202084F863
:103990003D0094F83E00402807D1002084F83E0006
:1039A00020632046FDF7FBFF31E0002084F83E0055
:1039B000082E01D0202E02D10020206301E0122029
:1039C00020632046FDF7E9FF21E0FFE7206840681B
:1039D00020F4E0602168486020680069616A08702E
:1039E000606A401C6062608D401E6085202084F803
:1039F0003D00002084F83E002046FDF7D9FE06E099
:103A000006E02068406820F480602168486000BFBC
:103A100070BD70B50446E56A94F83D00212847D191
:103A2000608D50B1606A007821680861606A401C4E
:103A30006062608D401E60853AE0082D16D0202D12
:103A400014D015F5803F11D02068406820F4E06064
:103A50002168486011202063002084F83E00202067
:103A600084F83D002046FDF799FF21E0206840687A
:103A700020F4E060216848602068006840F400702D
:103A80002168086000202063202084F83D0094F81D
:103A90003E00402806D1002084F83E002046FDF775
:103AA0007FFF05E0002084F83E002046FDF776FF0A
:103AB00070BD2DE9F041044694F83D5094F83E70F5
:103AC000E66A208DB0BB212D3CD1082E16D0202EC9
:103AD00014D016F5803F11D02068406820F4E060D3
:103AE0002168486011202063002084F83E002020D7
:103AF00084F83D002046FDF751FF44E0206840680F
:103B000020F4E060216848602068006840F400709C
:103B10002168086000202063202084F83D0094F88C
:103B20003E00402807D1002084F83E002046FDF7E3
:103B300037FF28E006E0002084F83E002046FDF72D
:103B40002DFF20E0212D03D0402F1CD1222D1AD192
:103B5000608D30B92068406820F48060216848603A
:103B600011E094F83E00402803D1204600F0B1F95E
:103B700009E0606A007821680861606A401C606240
:103B8000608D401E6085BDE8F081416CC9B202685D
:103B90001161416B11B1416B896A21B9816B41B1EE
:103BA000816B896A29B10168496841F40061026842
:103BB0005160704738B590F83E20C16A036B90F8A9
:103BC0003D40222C73D1046D64B9402A0AD100BF54
:103BD000002400940468646900940468A469009453
:103BE00000BF26E1046DC4B90469B4F5404F14D197
:103BF00000BF002400940468646900940468A46908
:103C0000009400BF00BF0468246844F48074056811
:103C10002C60046D641C04650BE1448D8CB900BFFD
:103C2000002400940468646900940468A469009402
:103C300000BF00BF0468246844F4007405682C6069
:103C4000E9E0448D012C72D111F5803F30D1046838
:103C5000246824F4806405682C600468646804F4B3
:103C60000064B4F5006F10D10468246824F4806403
:103C700005682C6000BF0024009404686469009407
:103C80000468A469009400BFC5E000BF002400944C
:103C90000468646900940468A469009400BF00BFCC
:103CA0000468246844F4007405682C60B3E0B5E04F
:103CB000082923D0202921D0122B01D101291DD17F
:103CC00004290AD0022908D0102906D004682468E3
:103CD00024F4806405682C6005E00468246844F4DA
:103CE000806405682C6000BF002400940468646947
:103CF00000940468A469009400BF8CE00468246800
:103D000024F4806405682C6000BF002400940468DB
:103D1000646900940468A469009400BF00BF04684B
:103D2000246844F4007405682C6074E0FFE7448D57
:103D3000022C47D104291BD0022919D0102917D0F1
:103D40000468246844F4006405682C6000BF002403
:103D500000940468646900940468A469009400BF36
:103D600000BF0468246824F4806405682C6010E0B7
:103D70000468246844F4806405682C6000BF002453
:103D800000940468646900940468A469009400BF06
:103D900000BF0468646804F40064B4F5006F3AD1AD
:103DA00011F5803F07D0012905D0082903D010293B
:103DB00001D020292FD10468646844F48054056838
:103DC0006C6028E00468246844F4806405682C6012
:103DD0000468646804F40064B4F5006F10D111F550
:103DE000803F07D0012905D0082903D0102901D030
:103DF000202905D10468646844F4805405686C6027
:103E000000BF002400940468646900940468A469F5
:103E1000009400BF00BF002404650AE000BF002436
:103E200000940468646900940468A469009400BF65
:103E300000BF38BD90F83E1040290ED1016D29B960
:103E4000416C01F0FE010268116141E0416CC9B2B0
:103E500041F00101026811613AE00169B1F5804F5A
:103E600020D190F83D10212905D1416C01F0FE01CF
:103E70000268116105E0416CC9B241F001010268BC
:103E80001161416B11B1416B896A21B9816BF9B143
:103E9000816B896AE1B10168496841F40061026897
:103EA000516015E0016D41B9416C01F44071F0229F
:103EB00042EAE111026811610AE0016D012907D1AE
:103EC000416C01F44071F12242EAE1110268116192
:103ED000704770B5044694F83D50206D98B9E06C79
:103EE000012807D1A06CC0B221680861206D801C38
:103EF000206550E0A06CC0F3072021680861206DA8
:103F0000401C206547E0206D012807D1A06CC0B29D
:103F100021680861206D401C20653CE0206D02286E
:103F200036D1222D09D12068006840F480702168C4
:103F30000860206D401C20652DE0608D60B1212D52
:103F40000AD1606A007821680861606A401C60627A
:103F5000608D401E60851EE0608DE0B9212D1AD174
:103F60002068406820F4E0602168486020680068AC
:103F700040F400702168086000202063202084F84D
:103F80003D00002084F83E002046FDF709FD02E0D8
:103F90002046FFF725FB70BD2DE9F84304460F4688
:103FA00015469946DDE908862068006840F480607F
:103FB000216808602068006840F48070216808600B
:103FC000434600224FF001112046009600F0E9FA26
:103FD00060B12068006800F48070B0F5807F02D185
:103FE0004FF4007020640320BDE8F88307F0FE0062
:103FF00021680861334642463E49204600F030FBC6
:1040000008B10120F0E700BF00200090206840695F
:10401000009020688069009000BF00BF3246414692
:10402000204600F007FC50B1206C042805D1206820
:10403000006840F40070216808600120D4E7B9F1FD
:10404000010F03D1E8B22168086117E0C5F307202A
:104050002168086132464146204600F0EBFB50B132
:10406000206C042805D12068006840F400702168A5
:1040700008600120B8E7E8B221680861324641468D
:10408000204600F0D7FB50B1206C042805D12068F1
:10409000006840F40070216808600120A4E72068EF
:1040A000006840F4807021680860434600224FF0A9
:1040B00001112046009600F074FA58B1206800689B
:1040C00000F48070B0F5807F02D14FF4007020645E
:1040D000032089E7F8B240F0010021680861334607
:1040E00042460449204600F0BBFA08B101207BE7B4
:1040F000002079E7020001002DE9F84304468846D4
:1041000015469946DDE908672068006840F480702C
:1041100021680860334600224FF0011120460097C5
:1041200000F03FFA60B12068006800F48070B0F5DC
:10413000807F02D14FF4007020640320BDE8F88333
:1041400008F0FE00216808613B46324621492046BE
:1041500000F086FA08B10120F0E700BF00200090CF
:1041600020684069009020688069009000BF00BF0F
:104170003A463146204600F05DFB50B1206C0428E1
:1041800005D12068006840F40070216808600120B3
:10419000D4E7B9F1010F03D1E8B22168086117E053
:1041A000C5F30720216808613A463146204600F0F1
:1041B00041FB50B1206C042805D12068006840F410
:1041C0000070216808600120B8E7E8B22168086142
:1041D0000020B3E702000100418D49B1016809697F
:1041E000426A1170416A491C4162418D491E4185F4
:1041F000704770B5044694F83D50608DD8B1206882
:104200000069616A0870606A401C6062608D401ECF
:104210006085608D78B92A2D0DD12068406820F422
:1042200080602168486022202063282084F83D00B7
:104230002046FDF72BFF70BD418D49B1416A0978D9
:1042400002681161416A491C4162418D491E4185E4
:10425000704770B5044694F83D50608DD8B1606ADF
:10426000007821680861606A401C6062608D401EB1
:104270006085608D78B9292D0DD12068406820F4C3
:1042800080602168486021202063282084F83D0058
:104290002046FDF7FCFE70BDF8B504460D4600272C
:1042A00094F83D0000F0280028281CD120684068C0
:1042B00020F4806021684860C5F3800000B90127C0
:1042C000C5F3C01010B9A08986B201E0208B86B278
:1042D00000BF002084F83C0000BF3246394620462B
:1042E000FDF707F90FE000BF00200090206840694B
:1042F000009020688069009000BF00BF00BF0020D0
:1043000084F83C0000BFF8BD70B5044694F83D50F9
:10431000E66A082E01D0202E1FD1282D1DD123485A
:10432000E0622068406820F4E060216848606FF433
:104330008060216848612068006820F480602168FE
:10434000086000202063202084F83D00002084F8CD
:104350003E002046FDF720FB26E0212D20D113480A
:10436000E06221202063202084F83D00002084F8B2
:104370003E002068406820F4E060216848606FF4E7
:104380008060216848612068006820F480602168AE
:1043900008602046FFF724F92046FDF778FE03E089
:1043A0006FF480602168486170BD00000000FFFF6D
:1043B00038B5044694F83D502068406820F4E06029
:1043C0002168486000BF002000902068406900908C
:1043D0002068006840F001002168086000BF00BF4D
:1043E0002068006820F480602168086020684068C8
:1043F00000F40060B0F5006F42D1222D01D02A2DCB
:104400001FD1A06B006840686085608D18B1206C7A
:1044100040F0040020642068406820F400602168B7
:104420004860A06BFCF74EFD012829D04148A16BE4
:104430004863A06BFCF7EEFC10B3A06B416B8847A0
:104440001EE0606B006840686085608D18B1206C6C
:1044500040F0040020642068406820F40060216877
:104460004860606BFCF72EFD012809D03148616B74
:104470004863606BFCF7CEFC10B1606B416B884702
:10448000608D18B320684069C0F3800048B120688F
:104490000069616A0870606A401C6062608D401E3D
:1044A000608520684069C0F3801048B120680069C9
:1044B000616A0870606A401C6062608D401E6085A1
:1044C000608D18B1206C40F004002064206C18B19D
:1044D0002046FFF78FF82BE02A2D07D1002020631C
:1044E000282084F83D002046FDF7D0FD94F83D00DB
:1044F00028280DD11048E06200202063202084F895
:104500003D00002084F83E002046FDF745FA0FE00C
:10451000206B222801D0222D0AD1002020632020E8
:1045200084F83D00002084F83E002046FDF7AEFDF3
:1045300038BD0000E93400080000FFFF70B50446F4
:104540000D46164625E02046FFF72AF908B101205E
:1045500070BD681CE8B1FCF7C5FF801BA84200D8FD
:10456000BDB920684069C0F3800090B90020206385
:10457000202084F83D00002084F83E00206C40F0AC
:104580002000206400BF002084F83C0000BF012010
:10459000DEE720684069C0F380000028D3D0002007
:1045A000D6E72DE9F04104460D4617461E46DDF8D4
:1045B000188038E0701CA8B3FCF794FFA0EB08004B
:1045C000B04200D876BBC5F3074001280AD1206865
:1045D0004069A9B20840A9B2884201D101200BE08C
:1045E000002009E020688069A9B20840A9B2884289
:1045F00001D1012000E00020B84214D10020206346
:10460000202084F83D00002084F83E00206C40F01B
:104610002000206400BF002084F83C0000BF01207F
:10462000BDE8F081FFE7C5F3074001280AD1206803
:104630004069A9B20840A9B2884201D101200BE02B
:10464000002009E020688069A9B20840A9B2884228
:1046500001D1012000E00020B842ABD00020DFE70C
:104660002DE9F04104460D4616461F4658E02068E5
:104670004069C0F38020E8B12068006840F4007011
:10468000216808606FF48060216848610020206321
:10469000202084F83D00002084F83E00206C40F08B
:1046A0000400206400BF002084F83C0000BF01200B
:1046B000BDE8F081701C90B3FCF714FFC01BB04242
:1046C00000D866BBC5F3074001280AD120684069BD
:1046D000A9B20840A9B2884201D101200BE0002014
:1046E00009E020688069A9B20840A9B2884201D1D6
:1046F000012000E0002090B900202063202084F8F1
:104700003D00002084F83E00206C40F02000206432
:1047100000BF002084F83C0000BF0120C8E7FFE78D
:10472000C5F3074001280AD120684069A9B20840B2
:10473000A9B2884201D101200BE0002009E02068E5
:104740008069A9B20840A9B2884201D1012000E0E5
:10475000002000288BD00020AAE770B504460D4643
:10476000164637E020684069C0F30010A0B16FF032
:1047700010002168486100202063202084F83D005B
:10478000002084F83E00206C206400BF002084F8E4
:104790003C0000BF012070BDFCF7A4FE801BA842B6
:1047A00000D8BDB920684069C0F3801090B90020DE
:1047B0002063202084F83D00002084F83E00206C17
:1047C00040F02000206400BF002084F83C0000BFBF
:1047D0000120E0E720684069C0F380100028C1D0C4
:1047E0000020D8E708B50146002000901048006876
:1047F0001922B0FBF2F04FF47A72B0FBF2F000EB4A
:104800008000009000BF0098401E0090009828B9DA
:10481000086C40F020000864012008BD08680068AA
:1048200000F40070B0F5007FEDD00020F5E7000047
:104830000C00002070B504460D46164625E02046C3
:10484000FEF7AEFF08B1012070BD681CE8B1FCF7AF
:1048500049FE801BA84200D8BDB920684069C0F35A
:10486000C01090B900202063202084F83D00002073
:1048700084F83E00206C40F02000206400BF00203F
:1048800084F83C0000BF0120DEE720684069C0F3E7
:10489000C0100028D3D00020D6E700002DE9F84F43
:1048A00080464FF0000A0027002411E0C4EB0410FA
:1048B0000A301FFA80F9114901EB090000F00AF9EA
:1048C00005462EB216B1B244781CC7B2601C84B241
:1048D0000C2CEBD317B90020BDE8F88F3846FBF756
:1048E000BEFE83465046FBF7B1FE59460090FBF7EB
:1048F000E7FCC8F800000120EEE70000981A00204D
:104900000022042105E00848405C1044C2B2481C63
:1049100081B2C229F7D3044890F8C200904201D175
:10492000012070470020FCE7981A002010B51A48B3
:104930000088052804D31948007908B1002010BD6B
:1049400015480088062805D314484079022801D06C
:104950000020F4E710480088072804D30F48807926
:1049600008B10020EBE70C480088082804D30B4866
:10497000C07908B10020E2E7074800880A2808D17A
:104980000648083000F0A6F80446B82C01D00020F4
:10499000D5E70120D3E7000098010020981A0020F5
:1049A00010B504461A48008804280FD2AA2C09D151
:1049B000184817490988445415480088401C144970
:1049C000088002E000201249088010BD11481049FB
:1049D000098844540E480088401C0D490880084648
:1049E00000880A2805D8FFF7A1FF10B900F078F871
:1049F000EBE707480088C32808D100F04BF818B14E
:104A000000200349088001E000F06AF800BFDCE7FD
:104A100098010020981A002070B505460E46002423
:104A200004E0285DFFF7BCFF601C84B2B442F8DBF1
:104A300070BD000070B504462546B5F5807F00D1F5
:104A400000251248008884420ADD104A1288A21A02
:104A500091B20F4A0D4B1B88D018FFF7DDFF12E013
:104A60000A48008884420EDA084A1288C2F5807229
:104A700091B2074A054B1B88D018FFF7CDFF21469E
:104A80000348FFF7C9FF0148058070BD940100206D
:104A90009819002008B5FFF733FF08B9002008BDBA
:104AA0006846FFF7FBFE08B90020F8E707490098C1
:104AB000086000BF00BF00BFBFF35F8F00BF00BF33
:104AC00000BF01200249087000BFE8E79C010020F8
:104AD000A0010020014608784A7840EA0220704789
:104AE000002001E0411C88B204280BD20B49098840
:104AF000884207DA09490988091A491E084A515C9F
:104B0000AA29EFD00549088004E0411E88B2AA21F5
:104B1000034A11540028F8D1704700009801002082
:104B2000981A002010B51148006818B10F480068A5
:104B3000C06B08B9012010BD4FF480720C490B48BE
:104B40000068FEF748F9044674B900200949088056
:104B500006480068C06B0068006820F00400034944
:104B60000968C96B096808602046E4E790010020E5
:104B70009819002094010020014609B900207047CF
:104B800000BFEFF31080024672B60948037813B1F4
:104B900008480068086000BF00BF00BFBFF35F8F18
:104BA00000BF00BF00BF02B962B61846E7E70000C9
:104BB000A00100209C01002070B5044634B3E06BD6
:104BC00020B36068B0F5613F20D1A068F0B92069DA
:104BD000E0B9E068D0B9207D00F00400B0B1E06B2E
:104BE000406898B9E06B806880B9E06BC068802845
:104BF0000CD1E06B006948B9E06B406930B9E06BFB
:104C0000806928B1E06B8069202801D0012070BD47
:104C100094F84200202801D00220F8E700BFEFF30B
:104C20001080054672B613480460E06B8069202846
:104C300001D1012000E000200F49087000200F4939
:104C400008800F4908800F4908600F49087000BFAD
:104C500000BF00BFBFF35F8F00BF00BF00BF05B93B
:104C600062B6FFF75FFF064616B1002001490860F3
:104C70003046CCE7900100209601002094010020EE
:104C8000980100209C010020A00100202DE9F34F95
:104C900087B08A4600200446054600210E460F468E
:104CA00088468946BAF1000F03D1012009B0BDE85A
:104CB000F08F4FF4FA70FCF759FA4FF0000B35E023
:104CC0006420062104AA0123CDE900210290432299
:104CD000D0210798FCF770FE08B10220E6E79DF8A6
:104CE00011009DF8101040EA012000B2041945EBB4
:104CF000E0759DF813009DF8121040EA012000B203
:104D0000861947EBE0779DF815009DF8141040EAEE
:104D1000012000B210EB080849EBE0794FF00A00DF
:104D2000FCF724FA0BF101001FFA80FBD345C7DB27
:104D30005046FBF799FCCDE9020120462946FBF7D6
:104D4000A0FCCDE90001DDE90223FBF710FC264AB7
:104D500003C25046FBF788FCCDE9020130463946D4
:104D6000FBF78FFCCDE90001DDE90223FBF7FFFB38
:104D70001E4A03C25046FBF777FCCDE902014046CC
:104D80004946FBF77EFCCDE90001DDE90223FBF794
:104D9000EEFB174A03C20021164A9161D1611162EC
:104DA00051629162D162002212490A634A638A63A6
:104DB000CA6308460264426400210F4A9161D161CE
:104DC0000020106250629162D1621163516300222F
:104DD00009498A63CA63084602644264002007499D
:104DE000087000BF62E70000E0000020E80000203B
:104DF000F00000200001002048010020F800002001
:104E000010B586B004466420012105AA0B46CDE901
:104E1000002102907522D0212046FCF7CDFD9DF89F
:104E20001400702859D1012004906420012104AAA3
:104E30000B46CDE9002102906B22D0212046FCF7E1
:104E400075FF6420FCF792F9022004906420012190
:104E500004AA0B46CDE9002102901A22D021204657
:104E6000FCF764FF022004906420012104AA0B4691
:104E7000CDE9002102901922D0212046FCF756FFEF
:104E8000002004906420012104AA0B46CDE90021F2
:104E900002901C22D0212046FCF748FF02200490FB
:104EA0006420012104AA0B46CDE9002102901D22B5
:104EB000D0212046FCF73AFF002004906420012115
:104EC00004AA0B46CDE9002102901B22D0212046E6
:104ED000FCF72CFF002006B010BD0120FBE700000E
:104EE00008B500BF1648406940F001001449486108
:104EF0000846406900F00100009000BF00BF00229A
:104F000011460E20FDF744F90E20FDF731F900227D
:104F100011460F20FDF73CF90F20FDF729F900227B
:104F200011461020FDF734F91020FDF721F9002279
:104F300011461120FDF72CF91120FDF719F908BDD4
:104F40000010024000B585B000200190029003904F
:104F5000049000BF2B48806940F0200029498861F7
:104F60000846806900F02000009000BF00BF00BF2D
:104F70000846806940F0040088610846806900F0B6
:104F80000400009000BF00BF00BF0846806940F0E9
:104F9000080088610846806900F00800009000BFA2
:104FA00000BF002289141848FCF796FA00224FF43B
:104FB00010611648FCF790FA4FF4805001900120E0
:104FC000029003900220049001A90F48FCF7E2F838
:104FD0004FF460400190002002900120039001A94D
:104FE0000948FCF7D7F84FF41060019001200290B7
:104FF00003900220049001A90448FCF7CBF805B007
:1050000000BD000000100240000C014000080140FB
:1050100010B50B480B4908600B484860002109484F
:105020008160C1604FF48041016100214161816173
:10503000C1610162FCF7C8FB08B1FBF7BDFE10BD02
:1050400000540040A4010020801A060010B50B484F
:105050000B4908600B484860002109488160C16025
:105060004FF480410161002141618161C1610162B0
:10507000FCF7AAFB08B1FBF79FFE10BD00580040EB
:10508000F8010020801A060000B587B000200390C8
:10509000049005900690019002901548154908600B
:1050A00040F65F1048600021124881606321C160B2
:1050B0000021016141618161FDF770FC08B1FBF7DE
:1050C0007BFE4FF48050039003A90A48FDF730FDA2
:1050D00008B1FBF771FE00200190029001A905487C
:1050E000FDF71AFC08B1FBF767FE07B000BD000032
:1050F000002C01404C02002000B587B00020039036
:10510000049005900690019002904FF08040144961
:10511000086041F61F40486000211148816063210A
:10512000C160002101618161FDF738FC08B1FBF726
:1051300043FE4FF48050039003A90948FDF7F8FCA3
:1051400008B1FBF739FE00200190029001A9044844
:10515000FDF7E2FB08B1FBF72FFE07B000BD000032
:105160009402002000B587B00020039004900590C1
:1051700006900190029015481549086041F61F40BD
:10518000486000211248816040F2E731C16000218F
:1051900001618161FDF702FC08B1FBF70DFE4FF4E0
:1051A0008050039003A90A48FDF7C2FC08B1FBF741
:1051B00003FE00200190029001A90548FDF7ACFB19
:1051C00008B1FBF7F9FD07B000BD00000004004086
:1051D000DC02002010B50B480B4908604FF4E130A9
:1051E0004860002108488160C16001610C21416173
:1051F00000218161C161FDF7D5FF08B1FBF7DCFD3E
:1052000010BD0000003801402404002010B50B48F8
:105210000B4908604FF46130486000210848816004
:10522000C16001610C21416100218161C161FDF713
:10523000B9FF08B1FBF7C0FD10BD000000440040FD
:105240006C04002000BFFEE700BFFEE72DE9F05F21
:1052500004460D4616461F4631462846FAF7F8FF23
:10526000E060D4E90301FAF7F9FF80460021FBF77B
:1052700061FA01D2002060613946E068FAF7EEFF7A
:1052800080466169FAF792FF6061D4E90501FBF796
:105290005BFA01D2A0696061A06980F000484046D5
:1052A0006169FBF751FA03D2A06980F000406061A8
:1052B000D4E90301FAF7CCFF80463946FBF700F842
:1052C000E061E0682061A168E069FAF7C7FF814604
:1052D00061686069FAF7C2FF82462168E068FAF700
:1052E000BDFF83465146FAF761FF80464946FAF70B
:1052F0005DFF2062D4E90801FBF726FA01D2606A5B
:105300002062606A80F000484046216AFBF71CFA80
:1053100003D2606A80F000402062206ABDE8F09FFE
:105320007047000008B508490968C9084FF47A7247
:10533000B1FBF2F14143009100BF00BF00994A1E4A
:1053400000920029F9D108BD0C000020704710B56B
:10535000FCF79EFE10BD00B58FB0282105A8FAF716
:105360001AFF14216846FAF716FF01200590000481
:105370000690002007900120099002200C90C103A4
:105380000D914FF4E0110E9105A8FDF777F808B1E3
:10539000FBF712FD0F2000900220019000200290E8
:1053A0004FF4806003900020049002216846FCF7CF
:1053B00041FF08B1FBF700FD0FB000BD70470000D2
:1053C00010B50248FDF73BFC10BD00004C02002068
:1053D00010B50248FDF733FC10BD00009402002018
:1053E00010B50248FDF72BFC10BD0000DC020020C8
:1053F00010B502681C4B984208D0B0F1804F05D020
:105400001A4B984202D01A4B984203D122F07002F4
:105410004B681A43144B984208D0B0F1804F05D026
:10542000124B984202D0124B984203D122F44072A0
:10543000CB681A4322F080034C6943EA04020260FD
:105440008B68C3620B688362074B984201D10B697A
:10545000036301234361036903F001031BB1036983
:1054600023F00103036110BD002C01400004004043
:105470000008004030B50C46816821F47F4142EAC3
:10548000032525432943816030BD0A46816821F008
:10549000700142F0070319438160704730B50B4635
:1054A0001446026A056A25F001050562816921F04A
:1054B000F00141EA041122F00A021A4381610262FA
:1054C00030BD30B50B461446026A056A25F010055A
:1054D0000562816921F4704141EA043122F0A002A1
:1054E00042EA03128161026230BD70B505466C6A02
:1054F0000020E085E0842046FDF7D0FC70BD70B54B
:1055000006460025746A20684069C0F3C01594F807
:105510004100212805D125B10020E084204600F07B
:10552000FBF820684069C0F3801594F842002228F7
:1055300005D125B10020E085204600F0A7F8606C79
:1055400040F0100060642046FDF7A8FC70BD70B507
:1055500005466C6A2868006800F02000002842D1E7
:10556000E08500BF00BF21680C3151E8001F21F425
:10557000807021680C3141E80002002AF3D100BF9D
:1055800000BF00BF2168143151E8001F21F0010065
:105590002168143141E80002002AF3D100BF00BFA6
:1055A00000BF2168143151E8001F21F0400021683C
:1055B000143141E80002002AF3D100BF202084F812
:1055C0004200206B01280ED100BF00BF21680C31C2
:1055D00051E8001F21F0100021680C3141E8000261
:1055E000002AF3D100BF00206063206B012804D1A2
:1055F000A18D2046FDF728FC02E02046FDF70AFFBA
:1056000070BD70B505466C6A01206063206B01288F
:1056100005D1A08D41082046FDF716FC02E020468A
:10562000FDF7F9FE70BD70B505466C6A2868006824
:1056300000F02000F8B90020E08400BF00BF21681E
:10564000143151E8001F21F080002168143141E835
:105650000002002AF3D100BF00BF00BF21680C3157
:1056600051E8001F41F0400021680C3141E8000280
:10567000002AF3D102E02046FDF714FF70BD70B59B
:105680000446656A2846FDF70EFF70BD00BF00BFE7
:1056900002680C3252E8002F22F4907102680C323A
:1056A00042E80013002BF3D100BF00BF00BF026827
:1056B000143252E8002F22F001010268143242E84D
:1056C0000013002BF3D100BF016B01290ED100BFE5
:1056D00000BF02680C3252E8002F22F0100102686D
:1056E0000C3242E80013002BF3D100BF202180F8D8
:1056F000421000210163704710B504462068C0685D
:1057000020F040002168C860202084F84100204635
:10571000FDF7C8FE002010BD00BF00BF02680C32BC
:1057200052E8002F22F0C00102680C3242E8001358
:10573000002BF3D100BF202180F841107047F8B54D
:10574000044694F84200222875D1A068B0F5805F25
:105750000CD1206950B90025A66A20684068C0F3C2
:1057600008003080A06A801CA06215E0A56A0026AF
:10577000A068B0F5805F03D0A06828B9206918B987
:1057800020684068287004E02068406800F07F00CE
:105790002870A06A401CA062E08D401E80B2E085A7
:1057A000002846D12068C06820F020002168C86029
:1057B0002068C06820F480702168C8602068406953
:1057C00020F0010021684861202084F84200002078
:1057D0006063206B012826D10020206300BF00BF3A
:1057E00021680C3151E8001F21F0100021680C31B4
:1057F00041E80002002AF3D100BF2068006800F0F1
:10580000100010280AD100BF002000902068006816
:10581000009020684068009000BF00BFA18D204626
:10582000FDF712FB02E02046FDF7F4FD0020F8BD75
:1058300001E00020FBE70220F9E7000070B5044614
:105840002168096921F44051E2681143226811611D
:105850002269A1681143626941EA02052168C968A9
:1058600041F20C62914329432268D1602168496961
:1058700021F44071A2691143226851612D4A2168C7
:10588000914202D1FCF7B2FD01E0FCF79FFD00EB75
:10589000C00101EB001162689200B1FBF2F100EB74
:1058A000C00202EB001263689B00B2FBF3F26423B8
:1058B000B2FBF3F202EBC20303EB0212A1EB820193
:1058C000322202EB01116422B1FBF2F101F0F0018E
:1058D00000EBC00202EB001263689B00B2FBF3F224
:1058E0006423B2FBF3F201EB021200EBC00101EB07
:1058F000001163689B00B1FBF3F100EBC00303EB05
:1059000000136668B600B3FBF6F36426B3FBF6F348
:1059100003EBC30606EB0313A1EB8301322303EB76
:1059200001116423B1FBF3F101F00F01114422686E
:10593000916070BD0038014077B581B004461546CE
:105940000298A062A58500206064222084F84200AD
:105950002848E16B88622848E16BC8622748E16B00
:1059600008630020E16B486302AE32682368191DAA
:105970002B46E06BFBF7ACFB00BF002000902068DB
:105980000068009020684068009000BF00BF206958
:1059900070B100BF00BF21680C3151E8001F41F415
:1059A000807021680C3141E80002002AF3D100BF69
:1059B00000BF00BF2168143151E8001F41F0010011
:1059C0002168143141E80002002AF3D100BF00BF72
:1059D00000BF2168143151E8001F41F040002168E8
:1059E000143141E80002002AF3D100BF002004B0C6
:1059F00070BD00004F55000803560008FF54000812
:105A0000014691F84100212828D18868B0F5805FCF
:105A10000BD1086948B90A6A1088C0F308000B68FE
:105A20005860086A801C086205E00B6A581C08620E
:105A300018780B685860C88C401E80B2C88458B96A
:105A40000868C06820F080000B68D8600868C068EB
:105A500040F040000B68D860002070470220FCE74F
:105A600010B50248FDF72CFA10BD000024040020F8
:105A700010B50248FDF724FA10BD00006C040020A8
:105A800000BFFEE710B500F03BF800F08BF84FF4D4
:105A9000FA70FBF76BFBFAF7B9FF0520FBF766FB23
:105AA000FBF7F6F800F024F810BD000010B504462E
:105AB000C4B12046FFF760F880B10B492068FAF7BF
:105AC000C7FB206000BF00BF00BFBFF35F8F00BFF8
:105AD00000BF00BF01200549087003E00020034912
:105AE0000870206010BD000000003E43420000200E
:105AF00010B50248FFF760F810BD00006C040020EC
:105B000010B50C48FFF77CF980B90BA000F0B2FF8C
:105B10004FF496710748FFF7B9F818B901201049FA
:105B2000087006E00FA000F0A5FF02E015A000F04D
:105B3000A1FF10BDF80100204B656570204D505548
:105B4000207374696C6C3A2063616C696272617471
:105B5000696E67206779726F2E2E2E0D0A00000085
:105B6000130000204D5055206779726F2063616CDF
:105B70006962726174696F6E206661696C65640D3B
:105B80000A0000004D50552057484F5F414D5F4976
:105B9000206F7220493243206661696C65640D0A8A
:105BA0000000000010B500F0DDFF002000F0CAFF8B
:105BB00010BD00002DE9FC41002000F0C3FF0521CD
:105BC000084601F041F83D490868FAF787FD0446A8
:105BD0000D463B490868FAF781FD064632460B46FA
:105BE00038A13C48CDE9004500F058FA012000906A
:105BF00039480EC8374801F011F91421052001F089
:105C000023F82E494868FAF769FD04460D462C49E9
:105C10004868FAF763FD064632460B462FA12D4829
:105C2000CDE9004500F03AFA012000902A480EC85C
:105C3000284801F0F3F82321052001F005F81F4959
:105C40008868FAF74BFD04460D461D498868FAF747
:105C500045FD064632460B4624A11E48CDE90045C7
:105C600000F01CFA012000901B480EC8194801F0F2
:105C7000D5F82248FFF71AFF3221052000F0E4FF93
:105C80001F480068FAF72AFD04460D461B480068C5
:105C9000FAF724FD064632460B461AA10D48CDE917
:105CA000004500F0FBF9012000900B480EC80948A0
:105CB00001F0B4F800F0FCFFBDE8FC8158000020C2
:105CC000800000204B703A252E3266204820252E79
:105CD0003266000044070020D8B900084B693A2515
:105CE0002E3266204820252E326600004B643A256D
:105CF0002E3266204820252E32660000CC0000207F
:105D0000C40000204C3A252E3266204820252E3033
:105D10006600000008B51248007858B111480088A4
:105D200011490988884205D110480078104909783E
:105D3000884214D00020012300900C4802780948C2
:105D400001881846FBF716F80648008806490880BF
:105D5000064800780649087001200149087008BD0E
:105D6000CB00002010000020C800002012000020FE
:105D7000CA0000202DE9F84FDFF898B026480090BF
:105D800000BFEFF31080074672B6244890F80080F9
:105D9000234890F80090234805682348066800BF10
:105DA00000BF00BFBFF35F8F00BF00BF00BF07B9D8
:105DB00062B6B8F1000F02D0B9F1000F07D11B484D
:105DC000FAF784FE00201A490860BDE8F88F2946DA
:105DD0003046FAF73DFA20F0004A4FF07F51504626
:105DE000FAF7A8FC04D81148FAF770FE002406E080
:105DF000084B2A4631460D48FFF728FA0446064A62
:105E000021460B480068FAF70CFE0949086000BFFC
:105E1000DBE70000CDCCCC3D0000A04241000020DB
:105E200042000020480000204400002058000020CC
:105E3000500000202DE9F04F85B0DFF8FCA0DFF81E
:105E4000FCB03F4804903F480390FBF74BFB0090A9
:105E500000BFEFF31080804672B602A8FFF726FE5F
:105E60003948077817B139490298086000BF00BF68
:105E700000BFBFF35F8F00BF00BF00BFB8F1000FCE
:105E800000D162B63248007800B12FB90098FAF715
:105E900001FE05B0BDE8F08F00990298FAF778FE90
:105EA00005462C48066826F000492B494846FAF773
:105EB00041FC0BD825F0004927494846FAF73AFC3F
:105EC00004D82648FAF702FE002406E01A4B2A46B8
:105ED00031462248FFF7BAF904464FF07E5120467A
:105EE000FAF7BCF90446174A15492046FAF7BDFDF2
:105EF000044621460020FAF759F901900F4A184844
:105F000001990068FAF78DFD164908600D4A0C49A1
:105F100014480068FAF7A9FD1249086008460068AD
:105F20000F4908600F480068FAF7D7FD81460099CD
:105F3000FAF7ECFD00BFACE70AD7233C0000404174
:105F400000008CC300008C43420000204800002069
:105F50004100002050000020000040408000002050
:105F600054000020C40000202DE9FC410B48FFF73D
:105F70009DFD0B4804682046FAF7B0FB07468846AB
:105F800006480068FAF7AAFB05462A460B4605A014
:105F9000CDE9007800F06EFDBDE8FC81D000002066
:105FA000C4000020504F533A2025662C25660A0075
:105FB00010B54FF400513548FBF77CFAC8B91420EE
:105FC000FBF7D4F84FF400513048FBF773FA80B96F
:105FD0004FF480512D48FBF775FA2D490888FAF7E0
:105FE0000EFD00BF4FF400512848FBF763FA00286C
:105FF000F8D04FF480412548FBF75CFA18BB142019
:10600000FBF7B4F84FF480412048FBF753FAD0B9BE
:106010004FF480711F48FBF755FA0020FAF7EFFCA8
:106020001D480078012803D100201B49087002E0B8
:1060300001201949087000BF4FF480411348FBF755
:1060400039FA0028F8D04FF400411048FBF732FA33
:10605000D0B91420FBF78AF84FF400410B48FBF746
:1060600029FA88B94FF400610A48FBF72BFA08496E
:1060700009884842FAF7C3FC00BF4FF400410348C7
:10608000FBF718FA0028F8D010BD0000000C014002
:106090001400002000080140300000200FB4084B1D
:1060A00010B504A902AA039800F014F9044602A945
:1060B000002000F09DFC204610BC5DF814FB0000A1
:1060C000F16900087CB50C001D461646014601D05A
:1060D000601E00E00020CDE90010064B6A4629460C
:1060E000304600F0F7F8002C02D0009A0021117021
:1060F0007CBD0000DB69000802480068C0F3022094
:10610000704700000CED00E010B5002804DB0A0722
:10611000130E054A135406E00A07140E034A00F052
:106120000F031B1FD45410BD00E400E018ED00E085
:1061300002E008C8121F08C1002AFAD17047704750
:10614000002001E001C1121F002AFBD170470000AE
:106150002DE9FF5F82B00021DDE90430020DDDF89A
:1061600040B0034318D044F61050A2F2FF3242432D
:106170001514119801281FD0A5EB0B00401C5FEAF5
:10618000000A4FF000064E4FDFF83891B0465046F7
:1061900015D5CAF1000413E0119801244AA301287F
:1061A00001D16FEA0B010298119AC0E90031C0E9F0
:1061B000024206B0BDE8F09FCBF10000DFE70446E5
:1061C0000021404A491842EB0450CDE9001012E08A
:1061D000E00707D032463B4640464946FAF755F9B4
:1061E0008046894632463B4610461946FAF74DF935
:1061F00006460F466410002CEAD1DDE90401DDE912
:106200000023BAF1000F06DAFAF73FF942464B468F
:10621000FAF73BF905E0FAF7AAF942464B46FAF7D6
:10622000A6F904460E460022284BFAF76BFA03D86B
:106230004FF0FF30014607E00022254B2046314653
:10624000FAF77CF8FAF786FB102409E0002C0ADB49
:106250000A220023FAF798FA039B30321A55641E7B
:1062600050EA0102F2D1641C039AC4F111031444F0
:10627000119A012A03D0012208430DD10AE00843F4
:1062800004D000204FF0110B119072E7A3EB0B0527
:106290006D1E0DE05B4504DD4FF0000205F10105C8
:1062A00004E003DA4FF00002A5F10105002AECD06A
:1062B00002981199C0E90231C0E9004579E7000070
:1062C000000014400000F03F300000000000F043E8
:1062D0000000E03F2DE9FF4F95B09A4688460646FC
:1062E0000025EEE1252877D100242746F94A01212F
:1062F000039400E0044316F8013F203B01FA03F049
:106300001042F7D130782A2811D06FF02F0330785F
:10631000A0F13002092A16D8039A44F0020402EBD5
:10632000820203EB42021044761C0390EFE758F818
:10633000042B0392002A03DA504244F400540390E1
:1063400044F00204761C30782E2816D116F8010F7E
:1063500044F004042A280DD06FF02F023078A0F109
:106360003003092B09D807EB870302EB4303C71857
:10637000761CF3E758F8047B761C30786C280FD035
:1063800006DC4C2817D068280DD06A2814D104E008
:10639000742810D07A280FD10DE044F400140AE0DC
:1063A00044F4801401E044F440147278824202D133
:1063B00004F58014761C761C307866280BD013DC2C
:1063C000582877D009DC002875D04528F6D0462813
:1063D000F4D047281AD193E118E0632835D0642817
:1063E00079D0652812D18BE1702873D008DC67283A
:1063F000F1D069286FD06E280DD06F2806D1ACE09F
:1064000073282CD0752874D0782853D05246179909
:1064100090476D1C54E1C4F30250022809D00328B0
:106420000DD0D8F8001004280DD00D6008F1040834
:1064300046E1D8F80010EA17C1E90052F6E7D8F8AB
:1064400000100D80F2E70D70F0E718F8041B8DF8CE
:10645000001000208DF80100EB46012003E058F801
:1064600004BB4FF0FF3061074FF0000102D40DE094
:1064700009F101018946B9420FDA8145F8DB1BF8C1
:1064800009100029F4D108E009F10101894681428F
:10649000FADB1BF809100029F6D103985346A0EB4C
:1064A000090721463846179A00F080FA284400EB85
:1064B000090507E044E008E10DE01BF8010B524636
:1064C00017999047B9F10109F7D25346214638464A
:1064D000179AF2E039E00A21C4F302524FF0000BA0
:1064E0000091022A06D058F8040BC117032A09D0DC
:1064F0000AE023E008F1070020F00702F2E80201B9
:10650000904605E000B2C117042A01D140B2C1177C
:10651000002906DA0A460021404261EB02012D22E1
:1065200002E0220504D52B228DF80420012203E08D
:10653000E20701D02022F7E7914657E00A2100E068
:1065400010214FF0000B00910BE010214FF0000BD9
:1065500044F004040827009103E008204FF0000BEA
:106560000090C4F30252022A05D058F8040B00210F
:10657000032A08D008E008F1070020F00702F2E83B
:106580000201904603E080B2042A00D1C0B24FF06D
:10659000000922072AD53278702A07D0DDF800C01A
:1065A0008CF0100C5CEA0B0C05D00EE040228DF84C
:1065B0000420012208E050EA010306D030238DF8C0
:1065C00004308DF8052002229146009B83F00803D9
:1065D00053EA0B030AD150EA010201D1620705D543
:1065E00030228DF804204FF001097F1E3278582A9E
:1065F00004D039A20C920CAA02920BE03BA2F9E75C
:106600005B46009AFAF7C0F80C9B9B5C029A521EFC
:106610000292137050EA0102F2D1029804A9081AFA
:1066200000F1200B600702D524F4803400E001273C
:106630005F4502DDA7EB0B0000E0002000EB0B0143
:10664000009003984944401A0390E00306D453464F
:106650002146179A039800F0A9F90544002706E09F
:1066600001A85246C05D179990476D1C7F1C4F458D
:10667000F6DBE0030CD553462146179A039800F049
:1066800095F9054404E030205246179990476D1C57
:106690000099481E00900029F5DC08E00298029954
:1066A00052460078491C0291179990476D1CBBF126
:1066B0000001ABF1010BF1DC5BE100F065F9054491
:1066C000761C307800287FF40DAE19B02846BDE85E
:1066D000F08F00000928010030313233343536376D
:1066E000383961626364656600000000303132331E
:1066F00034353637383941424344454600000000BE
:10670000600700D4062708F1070020F00700F0E832
:106710000223804603F0004C5FEA0C0001D097A0F2
:1067200009E0200501D596A005E0E00701D095A07D
:1067300001E0AFF24C001390307823F0004365285D
:106740000CD006DC452809D046281DD047287FD12B
:106750003BE0662818D067287AD136E00021112F57
:1067600001DB112000E0781CCDE9000104A90CA890
:10677000FFF7EEFCDDE90D010C9A4FF0000B07F17D
:106780000109109200914EE04FF000400097CDE9D2
:10679000011004A90CA8FFF7DBFCDDE90D020C9B3E
:1067A0000F994FF0000B91461093009211B9791C8C
:1067B00000EB0109B7EB090003D4C0F1FF3B07F17F
:1067C0000109A9EB0700019042E0012F00DA01273F
:1067D0000021112F01DD112000E03846CDE9000134
:1067E00004A90CA8FFF7B4FCDDE90D010C9A009197
:1067F0004FF0000BB946109221070FD4009A4A457A
:1068000003DA914601E0A9F10109B9F1010F05DDB3
:10681000109AA9F10101515C3029F4D0B84202DA92
:1068200010F1040F03DA0121CDE9011010E0002876
:1068300003DC8344A9EB000102E0411C494500DD73
:106840008946A0EB0B00401C01904FF000400290E5
:10685000200705D40198484502DB4FF0FF30019036
:1068600000208DF84B0002980DF14B07B0F1004F5E
:1068700025D002200C902B200D90029800280CDAD5
:10688000404202902D200D9007E00A210298F9F76E
:1068900065FF3031029007F8011D0C99481E0C90DD
:1068A0000029F2DC02980028EFD1791E0D980870BB
:1068B000307800F0200040F0450007F8020D11A8E4
:1068C000C01BC01D02901398007800B1012000EB9E
:1068D0000901019801EBE071029801440398401A04
:1068E000401E0390E00306D453462146179A0398AE
:1068F00000F05CF805441398007818B152461799D7
:1069000090476D1CE00323D553462146179A039800
:1069100000F04CF805441BE0BBF1000F07DB0098CA
:10692000584504DD1098179910F80B0001E01799ED
:1069300030205246904701980BF1010B401E05F1A3
:106940000105019004D12E205246179990476D1CE5
:10695000B9F10001A9F10109DEDC05E017F8010B2E
:106960005246179990476D1C0299481E02900029C3
:10697000F4DC53462146179A03989EE62D0000004A
:106980002B000000200000002DE9F0410446002506
:106990001E461746880404D405E039462020B04737
:1069A0006D1C641EF9D52846BDE8F0812DE9F04143
:1069B000044600251E469046C80301D5302700E056
:1069C0002027880404D505E041463846B0476D1CB1
:1069D000641EF9D52846BDE8F0814A68002A06D031
:1069E0000A68531C0B6010704868401E486070476E
:1069F0000A68531C0B60107070470000FBF754FBD3
:106A0000FEF7A9FCFEF79EFAFEF76AFAFEF700FB16
:106A1000FEF7E0FBFEF71AFBFEF736FBFEF76CFB1A
:106A2000FEF7F4FBFEF79EFBFFF72CF80D48FCF792
:106A300043F80D48FCF740F80C48FCF73DF84FF4DC
:106A400080510B48FAF73EFD0AE0FFF763F9FFF7C4
:106A5000B1F8FFF789FAFFF7ABFA0120FAF786FBE6
:106A6000F3E700004C02002094020020DC0200202A
:106A7000000C01400FB438B500BF0D4890F841003C
:106A80002028FAD105A800904FF480710948009B96
:106A9000049AFFF717FB044600200090002C04DD49
:106AA000A2B204490248FCF7B7FC38BC5DF814FBFD
:106AB0006C040020640F0020F0B503461446802BC0
:106AC00001DA402900DBF0BD012C1CD1CD1701EB10
:106AD0005575ED1003EBC515194E755D0A46CE17B9
:106AE00001EB5676F610A1EBC6070126BE403543F2
:106AF000EEB20846CD1701EB5575ED1003EBC51549
:106B00000F4F7E551AE0CD1701EB5575ED1003EBD5
:106B1000C5150B4E755D0A46CE1701EB5676F6107D
:106B2000A1EBC6070126BE40B5430846CE1701EBD0
:106B30005676F61003EBC616014FBD5500BFC2E7EF
:106B40006407002010B504460CB9002000E0FF20C7
:106B500002464FF480610248F9F716FB10BD0000B1
:106B60006407002010B500F063F86420FAF7FEFA1D
:106B7000002000F06FF8202000F02AF9002000F03B
:106B800027F9B02000F024F9C82000F021F90020F6
:106B900000F01EF9102000F01BF9402000F018F959
:106BA000FF2000F046F8A12000F012F9A62000F026
:106BB0000FF9A82000F00CF93F2000F009F9A420FB
:106BC00000F006F9D32000F003F9002000F000F9EE
:106BD000D52000F0FDF8F02000F0FAF8D92000F000
:106BE000F7F8222000F0F4F8DA2000F0F1F8122093
:106BF00000F0EEF8DB2000F0EBF8202000F0E8F8E1
:106C00008D2000F0E5F8142000F0E2F8012000F0FB
:106C100021F80020FFF796FF00F02EF8002003492E
:106C2000088048800120087110BD0000D4000020B9
:106C3000704770B504468125812000F0C9F82046D0
:106C400000F0C6F870BD0000014A10805180704706
:106C5000D400002070B5054625B1AF2401200549B8
:106C6000487103E0AE24002002494871204600F03C
:106C7000AFF870BDD400002010B5002413E004F17B
:106C8000B001C8B200F0A4F8002000F0A1F8102074
:106C900000F09EF80549802202FB0410114600F026
:106CA000ABF8601CC4B2082CE9DB10BD64070020FF
:106CB0001CB51048007808B101201CBD01200D4909
:106CC000087082020C490D48F9F73EFA4FF48060D3
:106CD0000A4901234022CDE9001078210848FBF73A
:106CE000D7F8044624B10020024908700120E4E7E7
:106CF0000020E2E7DA00002064070020640B002097
:106D0000A40100202DE9FF430546DDF82C80202D4D
:106D100001DB7E2D03DD002004B0BDE8F083039885
:106D200020B1A5F120000399085C01E09DF8040062
:106D30000746264800883844802806DC23484088D7
:106D40009DF805100844402801DD0020E4E70024F8
:106D500030E0A5F120009DF8051000FB01400299EC
:106D600031F81090002622E009FA06F000F4004005
:106D700058B1164A92782244D1B2144A1278324459
:106D8000D0B24246FFF798FE10E0B8F1000F01D1F3
:106D9000012300E000231A460C4B9B782344D9B210
:106DA0000A4B1B783344D8B2FFF786FE761CBE42EE
:106DB000DAD3641C9DF80500A042CAD803480088B5
:106DC0003844024908802846A6E70000D400002085
:106DD00001B584B04FF0FF30012104AA0B46CDE984
:106DE00000210290002278210248FAF79FFF05B0A7
:106DF00000BD0000A40100203EB504460D464FF042
:106E0000FF31A8B201234022CDE900400291782150
:106E10000148FAF78BFF3EBDA40100203FB581B0C9
:106E20000446089D0CE00095207802A90EC9FFF7E2
:106E300069FF2178884202D0207805B030BD641CFB
:106E400020780028EFD12078F7E702030405060731
:106E500008090A0B0C0D0E0F1010010200000000B3
:106E600000000000010203040607080900000000FA
:106E70000102030400000000000000000000000008
:106E800000000000000000000010001000100010C2
:106E90000010001000000010000000000028002872
:106EA00000280000000000000000000000000000BA
:106EB00000240024007C00240048007C0048004896
:106EC0000000000000380054005000380014005446
:106ED000005400380010000000200054005800301A
:106EE00000280054001400080000000000100028D2
:106EF0000028001000340048004800340000000062
:106F00000010001000100000000000000000000051
:106F100000000000000800100020002000200020D9
:106F200000200020001000080020001000080008C9
:106F300000080008000800080010002000100038B9
:106F40000010002800000000000000000000000009
:106F50000000000000100010007C00100010000075
:106F60000000000000000000000000000000000021
:106F700000000010001000100000000000000000E1
:106F800000000038000000000000000000000000C9
:106F900000000000000000000000001000000000E1
:106FA0000008000800100010001000100020002051
:106FB0000000000000380044004400540044004435
:106FC00000440038000000000010003000500010A5
:106FD00000100010001000100000000000380044F5
:106FE00000440004000800100020007C00000000A5
:106FF0000038004400040018000400040044003875
:107000000000000000080018002800280048007C4C
:107010000008000800000000007C004000400078EC
:107020000004000400440038000000000038004460
:107030000040007800440044004400380000000094
:10704000007C000400080010001000200020002038
:1070500000000000003800440044003800440044B0
:1070600000440038000000000038004400440044A0
:10707000003C000400440038000000000000000054
:1070800000100000000000000000001000000000E0
:1070900000000000000000100000000000000010D0
:1070A0000010001000000000000C00300040003014
:1070B000000C000000000000000000000000007C48
:1070C0000000007C00000000000000000000000044
:1070D00000600018000400180060000000000000BC
:1070E00000380044000400080010001000000010E8
:1070F0000000000000380044004C0054005C0040D8
:10710000004000380000000000100028002800287F
:107110000028007C00440044000000000078004487
:10712000004400780044004400440078000000005F
:107130000038004400400040004000400044003857
:107140000000000000700048004400440044004477
:107150000048007000000000007C00400040007CFF
:10716000004000400040007C00000000007C004027
:107170000040007800400040004000400000000057
:107180000038004400400040005C004400440038E7
:1071900000000000004400440044007C004400441F
:1071A00000440044000000000038001000100010EF
:1071B000001000100010003800000000000400045F
:1071C0000004000400040004004400380000000033
:1071D000004400480050006000500048004800444F
:1071E000000000000040004000400040004000401F
:1071F0000040007C000000000044006C006C005463
:1072000000440044004400440000000000440064C6
:10721000006400540054004C004C00440000000086
:107220000038004400440044004400440044003856
:107230000000000000780044004400440078004052
:1072400000400040000000000038004400440044BA
:10725000004400440054003800040000007800445A
:10726000004400440078004800480044000000004A
:10727000003800440040003000080004004400389A
:1072800000000000007C0010001000100010001032
:1072900000100010000000000044004400440044BE
:1072A0000044004400440038000000000044004452
:1072B00000440028002800280010001000000000F2
:1072C00000440044005400540054006C002800287E
:1072D00000000000004400280028001000100028D2
:1072E000002800440000000000440044002800285A
:1072F000001000100010001000000000007C0004CE
:1073000000080010001000200040007C0000000079
:1073100000180010001000100010001000100010E5
:1073200000100018002000200010001000100010B5
:1073300000080008000000000030001000100010DD
:107340000010001000100010001000300010002885
:1073500000280044000000000000000000000000C1
:10736000000000000000000000000000000000001D
:10737000000000FE002000100000000000000000DF
:107380000000000000000000000000000038004481
:10739000003C0044004C003400000000004000406D
:1073A00000580064004400440064005800000000DD
:1073B0000000000000380044004000400044003855
:1073C00000000000000400040034004C00440044AD
:1073D000004C0034000000000000000000380044B1
:1073E000007C00400044003800000000000C001049
:1073F000007C0010001000100010001000000000C1
:10740000000000000034004C00440044004C0034F4
:10741000000400780040004000580064004400442C
:107420000044004400000000001000000070001044
:1074300000100010001000100000000000100000FC
:10744000007000100010001000100010001000E08C
:1074500000400040004800500060005000480044D8
:10746000000000000070001000100010001000105C
:107470000010001000000000000000000078005420
:1074800000540054005400540000000000000000AC
:107490000058006400440044004400440000000020
:1074A000000000000038004400440044004400385C
:1074B0000000000000000000005800640044004488
:1074C0000064005800400040000000000034004C00
:1074D00000440044004C003400040004000000009C
:1074E00000580064004000400040004000000000E0
:1074F000000000000038004400300008004400385C
:107500000000000000200020007800200020002063
:1075100000200018000000000000000000440044AB
:1075200000440044004C0034000000000000000053
:10753000004400440028002800280010000000003B
:1075400000000000005400540054006C0028002883
:10755000000000000000000000440028001000109F
:107560000028004400000000000000000044004427
:10757000002800280010001000100060000000002B
:10758000007C0008001000200040007C000000008B
:107590000018001000100010002000200010001043
:1075A0000010001800100010001000100010001053
:1075B000001000100010001000300010001000102B
:1075C000000800080010001000100030000000004B
:1075D00000000074004C00000000000000000000EB
:1075E000000000000000000000000000000000009B
:1075F000000000000000000000000000000000008B
:10760000000000000000000C000C000C000C000C3E
:10761000000C000C000C000C000C000C0000000C16
:10762000000C0000000000000000001B001B001BFD
:10763000001B001B00000000000000000000000014
:1076400000000000000000000000000000008019A1
:10765000801980198019C07FC07F80190033C07FD6
:10766000C07F00330033003300330000000000000F
:107670000000001E003F807580650074003C001E05
:1076800000078005806580658075003F001E00044E
:10769000000400000000007000D840D8C0D880D995
:1076A00000730006000C801BC036C066C046C006D2
:1076B00080030000000000000000001E003F0033B7
:1076C00000330033001E000CC03CC0668063806144
:1076D0008063C03E801C0000000000000000000C21
:1076E000000C000C000C000C00000000000000006A
:1076F000000000000000000000000000000000008A
:10770000800000010003000600060004000C000CCD
:10771000000C000C000C000C000400060006000326
:1077200000018000002000100018000C000C000474
:107730000006000600060006000600060004000C15
:10774000000C0018001000200000000C002D003F6D
:10775000001E0033000000000000000000000000D8
:107760000000000000000000000000000000000019
:107770000000000C000C000C000CC0FFC0FF000C4F
:10778000000C000C000C00000000000000000000D5
:1077900000000000000000000000000000000000E9
:1077A00000000000000000000000000C000C0004BD
:1077B00000040008000000000000000000000000BD
:1077C000000000000000001E001E0000000000007D
:1077D00000000000000000000000000000000000A9
:1077E0000000000000000000000000000000000099
:1077F0000000000C000C000000000000000000036E
:10780000000300030006000600060006000C000C42
:10781000000C000C00180018001800000000000008
:107820000000001E003F0033806180618061806D38
:10783000806D8061806180610033003F001E000028
:107840000000000000000006000E001E00360026AA
:1078500000060006000600060006000600060006F8
:1078600000060000000000000000001E003F8073C2
:1078700080618061800100030006000C0018003068
:107880000060807F807F0000000000000000001C7E
:10789000003E006300630003000E000E0003800141
:1078A000800180618073003F001E00000000000026
:1078B00000000006000E000E001E001E001600361E
:1078C00000360066807F807F00060006000600000C
:1078D000000000000000007F007F0060006000608A
:1078E000006E007F80638001800180618073003FB3
:1078F000001E0000000000000000001E003F80335A
:1079000080610060006E007F8073806180618061B3
:107910008033003F001E0000000000000000807F58
:10792000807F80010003000300060006000C000CAD
:10793000000C0008001800180018000000000000EB
:107940000000001E003F8063806180610021001EF6
:10795000003F8061806180618061003F001E000007
:10796000000000000000001E003F00738061806185
:1079700080618073803F801D800180610073003FC3
:10798000001E0000000000000000000000000000D9
:107990000000000C000C00000000000000000000CF
:1079A0000000000C000C00000000000000000000BF
:1079B0000000000000000000000C000C00000000AF
:1079C000000000000000000C000C0004000400088F
:1079D000000000000000000080008003000E00385E
:1079E00000600038000E80038000000000000000EE
:1079F0000000000000000000000000000000807F88
:107A0000807F00000000807F807F00000000000079
:107A10000000000000000000000000000000000066
:107A200000400070001C000780010007001C00706F
:107A30000040000000000000000000000000001FE7
:107A4000803FC071C060C000C00180030007000E0D
:107A5000000C000C0000000C000C000000000000F6
:107A60000000001E003F803180718063806F806D58
:107A7000806D806F806700600032003E001C000057
:107A8000000000000000000E000E001B001B001B89
:107A9000001B80318031803F803F8031C060C060FA
:107AA000C0600000000000000000007C007E006359
:107AB000006300630063007E007E0063806180617C
:107AC0008063007F007E0000000000000000001EB8
:107AD000003F8031806100600060006000600060F5
:107AE000006080618031003F001E00000000000047
:107AF0000000007C007F00638063806180618061A2
:107B000080618061806100630063007E007C000012
:107B1000000000000000807F807F00600060006047
:107B20000060007F007F0060006000600060807F78
:107B3000807F0000000000000000807F807F0060E8
:107B4000006000600060007F007F006000600060F7
:107B50000060006000600000000000000000001EE7
:107B6000003F80318061006000600060806380635E
:107B7000806180618031803F001E000000000000B5
:107B80000000806180618061806180618061807FB0
:107B9000807F8061806180618061806180610000A0
:107BA000000000000000003F003F000C000C000C33
:107BB000000C000C000C000C000C000C000C003F32
:107BC000003F0000000000000000800180018001F3
:107BD00080018001800180018001800180618061DD
:107BE0008073003F001E0000000000000000C06025
:107BF0008061006300660066006C0078007C0066AF
:107C00000066006380618061C060000000000000C9
:107C100000000060006000600060006000600060C4
:107C200000600060006000600060807F807F000076
:107C3000000000000000C071C071C07BC07AC06A43
:107C4000C06AC06EC064C060C060C060C060C06018
:107C5000C060000000000000000080718071807929
:107C600080798079806D806D806D806580678067A8
:107C70008067806380630000000000000000001E39
:107C8000003F00338061806180618061806180613C
:107C9000806180610033003F001E00000000000092
:107CA0000000007E007F806380618061806180636E
:107CB000007F007E006000600060006000600000E7
:107CC000000000000000001E003F00338061806162
:107CD0008061806180618061806580670033803F62
:107CE000401E0000000000000000007E007F806356
:107CF000806180618063007F007E006600630063B6
:107D000080618061C0600000000000000000000E83
:107D1000001F8031803100300038001E00078003D2
:107D2000806180618031003F001E00000000000083
:107D30000000C0FFC0FF000C000C000C000C000C89
:107D4000000C000C000C000C000C000C000C0000DF
:107D500000000000000080618061806180618061BE
:107D60008061806180618061806180618073003F9B
:107D7000001E0000000000000000C060C060C06085
:107D8000803180318031001B001B001B001B000E66
:107D9000000E000E00040000000000000000C0C043
:107DA000C0C0C0C0C0C0C0C0C0CC804C804C805ED1
:107DB000805280528073806180610000000000006A
:107DC0000000C0C0806080610033003B001E000CDA
:107DD000000C001E001F003B80718061C0C00000CD
:107DE000000000000000C0C08061806100330033EB
:107DF000001E001E000C000C000C000C000C000CFF
:107E0000000C0000000000000000803F803F800167
:107E1000000300030006000C000C001800180030DE
:107E20000060807F807F000000000000000F000FD6
:107E3000000C000C000C000C000C000C000C000CE2
:107E4000000C000C000C000C000C000C000F000FCC
:107E50000000001800180018000C000C000C000CAA
:107E600000060006000600060003000300030000F1
:107E700000000000001E001E0006000600060006AE
:107E800000060006000600060006000600060006C2
:107E900000060006001E001E0000000C000C001E64
:107EA0000012003300338061806100000000000098
:107EB00000000000000000000000000000000000C2
:107EC00000000000000000000000000000000000B2
:107ED000000000000000000000000000E0FF0000C3
:107EE000000000380018000C000000000000000036
:107EF0000000000000000000000000000000000082
:107F00000000000000000000000000000000001F52
:107F1000803F80618001801F803F80618063807F1F
:107F2000C038000000000000000000600060006039
:107F30000060006E007F807380618061806180617D
:107F40008073007F006E0000000000000000000051
:107F5000000000000000001E003F80738061006090
:107F6000006080618073003F001E00000000000080
:107F700000008001800180018001801D803F8073AE
:107F800080618061806180618073803F801D00001E
:107F90000000000000000000000000000000001EC3
:107FA000003F00738061807F807F00608071003FB0
:107FB000001E0000000000000000C007C00F000C01
:107FC000000C807F807F000C000C000C000C000C6B
:107FD000000C000C000C000000000000000000007D
:107FE00000000000801D803F80738061806180619F
:107FF00080618073803F801D80018063007F003E30
:1080000000000060006000600060006F807F807191
:108010008061806180618061806180618061000039
:108020000000000000000006000600000000003E06
:10803000003E0006000600060006000600060006D8
:10804000000600000000000000060006000000001E
:10805000003E003E00060006000600060006000680
:108060000006000600060046007E003C000000609E
:10807000006000600060806100630066006C007C4E
:108080000076006300638061C060000000000000B3
:108090000000003E003E0006000600060006000646
:1080A00000060006000600060006000600060000A6
:1080B000000000000000000000000000000080DD63
:1080C000C0FFC0CEC0CCC0CCC0CCC0CCC0CCC0CC1B
:1080D000C0CC000000000000000000000000000014
:1080E0000000006F807F80718061806180618061AD
:1080F00080618061806100000000000000000000DD
:10810000000000000000001E003F8073806180615D
:10811000806180618073003F001E0000000000004D
:108120000000000000000000006E007F807380618E
:108130008061806180618073007F006E00600060FC
:10814000006000600000000000000000801D803F13
:10815000807380618061806180618073803F801D59
:10816000800180018001800100000000000000000B
:1081700000000067803F00390030003000300030E0
:10818000003000300030000000000000000000005F
:10819000000000000000001E803F80610060007F42
:1081A000803F80018061007F001E00000000000011
:1081B00000000000000800180018007F007F001871
:1081C00000180018001800180018801F800F000009
:1081D00000000000000000000000000000008061BE
:1081E0008061806180618061806180618063807F67
:1081F000803D0000000000000000000000000000C2
:108200000000C060803180318031001B001B001BEA
:10821000000E000E0006000000000000000000003C
:1082200000000000000080DD80DD80DD005500558D
:1082300000550077007700220022000000000000B7
:1082400000000000000000000000806100330033E7
:10825000001E000C000C001E003300338061000083
:10826000000000000000000000000000806180614C
:10827000803100330033001B001B001B000E000E7A
:10828000000E001C007C00700000000000000000D8
:108290000000C07FC07F800100030006000C0018B2
:1082A0000030C07FC07F0000000000008003800716
:1082B00000060006000600060006000E001C001C5A
:1082C000000E000600060006000600068007800378
:1082D000000600060006000600060006000600066E
:1082E000000600060006000600060006000600065E
:1082F000000600060038003C000C000C000C000CCE
:10830000000C000E00070007000E000C000C000C13
:10831000000C000C003C00380000000000000000D1
:108320000000000000008038807F0047000000004F
:10833000000000000000000000000000000000003D
:10834000000000000000000000000000000000002D
:10835000000000000000000000000000000000001D
:10836000000000000000000000000000000000000D
:10837000E003E003E003E003E003E003E003E003E5
:10838000C003C003C001C001C001C001C0010000A2
:1083900000000000E003E003E00300000000000034
:1083A000000000003C1E3C1E3C1E3C1E3C1E3C1EB1
:1083B0003C1E000000000000000000000000000063
:1083C00000000000000000000000000000000000AD
:1083D0000000000000000000CE01CE03DE039E037B
:1083E0009C039C07FF3FFF7F3807380F780F780FFB
:1083F000780EFFFFFFFFF01EF01CE01CE03CE03DAC
:10840000E03900000000000000000000FC03FE0F47
:10841000EE1FE01EE01EE01EE01EE01FE00FE00782
:10842000F003FC01FE01FE01FE01FE01FE01FE0162
:10843000FE3DFC3FF00FE001E00100000000000005
:10844000033E07F78FE78EE79EE3BCE3B8E7F8E764
:10845000F0F7E03FC001FF03FF07F307F30FF31E40
:10846000F33CF338F3787FF03FE0000000000000B9
:1084700000000000E007F80F780F781F781F781FC2
:10848000780FF00FE00F801FC37FC3FBE7F3F7F116
:10849000F7F0FFF07FF03EF87F7CFF3FEF1F00001A
:1084A0000000000000000000E003E003E003E00340
:1084B000E003C003C0010000000000000000000055
:1084C00000000000000000000000000000000000AC
:1084D0000000000000000000000000003F007C00E1
:1084E000F001E001C003C00780078007800F000F84
:1084F000000F000F000F000F000F800F8007800794
:10850000C007C003E001F0017C003F000F00000045
:10851000007E001FC007C003E001F001F000F00082
:10852000F800780078007800780078007800F8008B
:10853000F000F000F001E001C003C007001F007E62
:1085400000780000E003C003C001CE39FF3F7F3F49
:1085500020037003F807780F3C1F38060000000066
:10856000000000000000000000000000000000000B
:1085700000000000000000000000000000000000FB
:1085800000000000C001C001C001C001C001C00165
:10859000C001FFFFFFFFC001C001C001C001C00159
:1085A000C00100000000000000000000000000000A
:1085B00000000000000000000000000000000000BB
:1085C0000000000000000000000000000000E003C8
:1085D000E003E003E003E001E001E001C00180030B
:1085E000000000000000000000000000000000008B
:1085F000000000000000FE3FFE3F00000000000001
:10860000000000000000000000000000000000006A
:10861000000000000000000000000000000000005A
:10862000000000000000000000000000000000004A
:10863000000000000000E003E003E003E0030000AE
:1086400000000000000000000F000F001E001E00D0
:108650003C003C0078007800F000F000E001E00110
:10866000C003C00380078007000F000F001E001E1C
:10867000003C003C0078007800F00000F007F80FA4
:108680007C1F3E3E1E3C1F7C1F7C0F780F780F78AE
:108690000F780F780F780F781F7C1F7C1E3C3E3EB2
:1086A0007C1FF80FF0070000000000000000000031
:1086B000F000F007F03FF03FF001F001F001F001B1
:1086C000F001F001F001F001F001F001F001F00122
:1086D000F001F001F001FF3FFF3F0000000000004B
:1086E00000000000E00FF83F7C3C3C003E003E00F4
:1086F0003E003C003C007C00F800F001E003C007B5
:108700008007000F001E003E003CFE3FFE3F0000C1
:108710000000000000000000F00FF81F7C1C3E006D
:108720003E003E003C003C00F800F00FF80F7C00DB
:108730003E001E001E001E001E003E007C1CF81F96
:10874000E01F000000000000000000007800F800BA
:10875000F800F801F803F807F807780F781E781E7C
:10876000783C78787878FFFFFFFF78007800780011
:108770007800780078000000000000000000000091
:10878000FC1FFC1FFC1F001E001E001E001E001E02
:10879000E01FF81FFC007C003E003E001E003E0073
:1087A0003E003C007C1CF81FE01F000000000000A1
:1087B00000000000FC01FE078E0F001F001E003E9F
:1087C000003C003CF83DFC3F3E7F1F7E0F3C0F3CD1
:1087D0000F3C0F3C0F3E1F1E3E1FFC0FF00300001E
:1087E0000000000000000000FF3FFF3FFF3F0F00C0
:1087F0001E001E003C0038007800F000F000E00190
:10880000E001C003C0038007800F800F000F001F2E
:10881000001F00000000000000000000F807FC0F2F
:108820003E1F1E1E1E3E1E3E1E1E3C1FF80FF00762
:10883000F80FFC1E3E3E1F3C1F7C0F7C0F7C1F3C34
:108840003E3FFC1FF0070000000000000000000099
:10885000F007F80F7C1E3E3C1E3C1F7C1F7C1F7CDB
:108860001F7C1F3C3F3EFF1FEF071F001E001E0026
:108870003E003C00F838F03FE01F00000000000020
:1088800000000000000000000000000000000000E8
:10889000E003E003E003E00300000000000000004C
:1088A000000000000000E003E003E003E00300003C
:1088B00000000000000000000000000000000000B8
:1088C00000000000E003E003E003E003000000001C
:1088D00000000000000000000000E003E003E003EF
:1088E000E003E001E001E001C003800300000000BC
:1088F000000000000000000003000F003F00FC002B
:10890000F003C00F003F00FE003FC00FF003FC006B
:108910003F000F0003000000000000000000000006
:108920000000000000000000000000000000000047
:1089300000000000FFFFFFFF000000000000FFFF3D
:10894000FFFF000000000000000000000000000029
:108950000000000000000000000000000000000017
:1089600000E000F8007E801FE007F8017E001F0095
:108970007E00F801E007801F007E00F800E00000A4
:108980000000000000000000F01FFC3F3E381F38D0
:108990001F381E001E003C007800F000E001C003FC
:1089A000C003C007C007000000000000C007C007E8
:1089B000C00700000000000000000000F803FE0FE8
:1089C0001E1F0F3E7F3CFF78EF79C773C7F38FF30D
:1089D0008FF38FF39FF39FF3FF73FF7BF779003CD7
:1089E0001C1FFC0FF8030000000000000000000046
:1089F000000000000000E003E003F007F007F007CC
:108A0000780F780F7C0E3C1E3C1E3E3CFE3FFF3F25
:108A10001F780F780FF007F007F00000000000004B
:108A200000000000000000000000F83FFC3F3E3C5A
:108A30001E3C1E3C1E3C3E3C7C3CF03FF83F7E3CD6
:108A40001F3C1F3C0F3C0F3C1F3CFE3FF83F00000B
:108A50000000000000000000000000000000FF0116
:108A6000FF07871F003E003C007C007800780078FC
:108A700000780078007C007C003E003F831FFF07E9
:108A8000FF010000000000000000000000000000E6
:108A90000000F07FFC7F7E781F781F780F780F78BA
:108AA0000F780F780F780F780F780F781F781E786F
:108AB0007E78F87FE07F00000000000000000000EA
:108AC000000000000000FF3FFF3F003E003E003E70
:108AD000003E003E003EFE3FFE3F003E003E003EA8
:108AE000003E003E003EFF3FFF3F00000000000050
:108AF00000000000000000000000FF1FFF1F001E1C
:108B0000001E001E001E001E001EFF1FFF1F001E75
:108B1000001E001E001E001E001E001E001E000083
:108B20000000000000000000000000000000FE0344
:108B3000FF0F871F003E007C007C007800F800F8E3
:108B40007FF87FF80F780F7C0F7C0F3E8F1FFF0F91
:108B5000FE03000000000000000000000000000014
:108B600000001F7C1F7C1F7C1F7C1F7C1F7C1F7CC8
:108B70001F7CFF7FFF7F1F7C1F7C1F7C1F7C1F7C57
:108B80001F7C1F7C1F7C0000000000000000000014
:108B9000000000000000FC3FFC3FE003E003E003B6
:108BA000E003E003E003E003E003E003E003E003AD
:108BB000E003E003E003FC3FFC3F00000000000096
:108BC00000000000000000000000FC1FFC1F7C00F3
:108BD0007C007C007C007C007C007C007C007C00B5
:108BE0007C007C0078007800F838F03FC03F00003F
:108BF00000000000000000000000000000001F3C1A
:108C00001E3C3C3C783CF03CE03DE03FC03F803FB8
:108C1000C03FE03FF03DF03C783C7C3C3E3C1F3C9C
:108C20000F3C0000000000000000000000000000F9
:108C30000000003E003E003E003E003E003E003E82
:108C4000003E003E003E003E003E003E003E003E34
:108C5000003EFC3FFC3F0000000000000000000060
:108C60000000000000001FF81FFC1FFC3FFE3FFE3D
:108C70003FFE7FFF77FF77FFF7F7E7F7E7F3E7F3CD
:108C8000C7F307F007F007F007F00000000000004E
:108C9000000000000000000000000F7C0F7C0F7E31
:108CA0000F7F0F7F8F7F8F7FCF7FEF7BEF79FF79F4
:108CB000FF78FF787F783F783F781F781F78000033
:108CC0000000000000000000000000000000F007AD
:108CD000FC1F3E3E1F7C0F780F780FF80FF80FF83F
:108CE0000FF80FF80FF80F780F781F7C3E3EFC1F2F
:108CF000F00700000000000000000000000000007D
:108D00000000FC3FFF3F1F3E0F3E0F3E0F3E0F3E59
:108D10001F3E3F3EFC3FF03F003E003E003E003E17
:108D2000003E003E003E0000000000000000000089
:108D3000000000000000F007FC1F3E3E1F7C0F7883
:108D40000F780FF80FF80FF80FF80FF80FF80F78EB
:108D50000F781F7C3E3EFC1FF8077C003F000F0091
:108D600003000000000000000000F03FFC3F7E3CDC
:108D70003E3C1E3C1E3C3E3C3C3CFC3CF03FE03F4D
:108D8000F03DF83C7C3C3E3C1E3C1F3C0F3C000050
:108D90000000000000000000000000000000FC07D0
:108DA000FE1F0E3E003C003C003C003EC01FF80F82
:108DB000FE037F001F000F000F001F203E3CFC3F02
:108DC000F01F000000000000000000000000000094
:108DD0000000FFFFFFFFE003E003E003E003E00328
:108DE000E003E003E003E003E003E003E003E0036B
:108DF000E003E003E00300000000000000000000CA
:108E00000000000000000F7C0F7C0F7C0F7C0F7CAB
:108E10000F7C0F7C0F7C0F7C0F7C0F7C0F7C0F7CFA
:108E20001E3C1E3C3E3EFC1FF00700000000000000
:108E30000000000000000000000007F007F007F845
:108E40000F780F7C1E3C1E3C1E3E3C1E3C1F781FB4
:108E5000780FF80FF007F007F007E003E0030000D9
:108E6000000000000000000000000000000003E01F
:108E700003F003F007F0E7F3E7F3E7F3E773F77BBB
:108E8000F77FFF7F7F7F7F7F7E7F7E3F3E3E3E3E40
:108E90003E3E000000000000000000000000000056
:108EA000000007F80F7C1E3E3E3E3C1FF80FF00707
:108EB000E007E003E003F007F80F7C0F7C1E3E3C68
:108EC0001F780F780FF00000000000000000000085
:108ED00000000000000007F807780F7C1E3C1E3ED3
:108EE0003C1F780FF80FF007E003E003E003E00316
:108EF000E003E003E003E003E00300000000000003
:108F000000000000000000000000FF7FFF7F0F0056
:108F10001F003E007C00F800F000E001E003C00705
:108F2000800F000F001E003E007CFF7FFF7F0000CF
:108F30000000000000000000FF0780078007800796
:108F400080078007800780078007800780078007E9
:108F500080078007800780078007800780078007D9
:108F6000800780078007FF07FF0700000078007870
:108F7000003C003C001E001E000F000F8007800711
:108F8000C003C003E001E001F000F00078007800C9
:108F90003C003C001E001E000F000F0007000000F8
:108FA000F07FF000F000F000F000F000F000F000C2
:108FB000F000F000F000F000F000F000F000F00031
:108FC000F000F000F000F000F000F000F000F07FA2
:108FD000F07F0000C000C001C001E003E003F00723
:108FE000F0077807780F380F3C1E3C1E1E3C1E3CD5
:108FF0000F380F7807780000000000000000000024
:109000000000000000000000000000000000000060
:109010000000000000000000000000000000000050
:109020000000000000000000000000000000000040
:109030000000FFFFFFFF000000000000F000000044
:109040000000000000000000000000000000000020
:109050000000000000000000000000000000000010
:109060000000000000000000000000000000000000
:10907000000000000000000000000000F80FFC3FAE
:109080007C3C3E003E003E00FE07FE1F3E3E3E7C16
:109090003E783E7C7E7CFF3FCF1F0000000000003A
:1090A00000000000003C003C003C003C003C003C58
:1090B000F83DFE3F3E3F1F3E0F3C0F3C0F3C0F3C38
:1090C0000F3C0F3C1F3C1E3C3E3FFC3FF03B000072
:1090D0000000000000000000000000000000000090
:1090E00000000000FE03FF0F871F003E003E003C13
:1090F000007C007C007C003C003E003E871FFF0F90
:10910000FE03000000000000000000001F001F0020
:109110001F001F001F001F00FF07FF1F3F3E1F3CD7
:109120001F7C1F7C1F7C1F781F781F7C1F7C3F3C8F
:109130007F3EFF1FDF0F0000000000000000000066
:10914000000000000000000000000000F803FC0F19
:109150003E1F1E3E1F3C1F7CFF7FFF7F007C007C6C
:10916000003C003E071FFF0FFE0300000000000050
:1091700000000000FF01E103C003C007C007C007F3
:10918000FF7FFF7FC007C007C007C007C007C00739
:10919000C007C007C007C007C007C007C00700005E
:1091A00000000000000000000000000000000000BF
:1091B00000000000EF07FF1F7F3E1F3C1F7C1F7C4D
:1091C0001F781F781F781F7C1F7C3F3C7F3EFF1F4E
:1091D000DF0F1E001E001E007C38F83F003C003CE4
:1091E000003C003C003C003CFC3DFE3F9E3F1F3FDE
:1091F0001F3E1F3C1F3C1F3C1F3C1F3C1F3C1F3C95
:109200001F3C1F3C1F3C000000000000000000004D
:10921000F001F0010000000000000000E07FE07FAE
:10922000E001E001E001E001E001E001E001E00136
:10923000E001E001E001E001E001000000000000C9
:1092400000000000F800F80000000000000000002E
:10925000F83FF83FF800F800F800F800F800F800D0
:10926000F800F800F800F800F800F800F800F8003E
:10927000F800F000F071E07F003C003C003C003C56
:10928000003C003C1F3C3E3C7C3CF83CF03DE03D5B
:10929000C03FC03FE03FF03DF83C7C3C3E3C1F3CC3
:1092A0001F3C00000000000000000000F07FF00103
:1092B000F001F001F001F001F001F001F001F00126
:1092C000F001F001F001F001F001F001F001F00116
:1092D000F001F001F00100000000000000000000BB
:1092E0000000000000000000000000009EF7FFFFEB
:1092F000FFFFFFFFE7FBE7F9C7F1C7F1C7F1C7F1D0
:10930000C7F1C7F1C7F1C7F1C7F1000000000000C5
:10931000000000000000000000000000000000004D
:10932000FC3DFE3F9E3F1F3F1F3E1F3C1F3C1F3C1E
:109330001F3C1F3C1F3C1F3C1F3C1F3C1F3C0000B0
:10934000000000000000000000000000000000001D
:1093500000000000F007FC1F3E3E1F3C1F7C0F7802
:109360000F780F780F780F781F7C1F3C3E3EFC1F54
:10937000F0070000000000000000000000000000F6
:109380000000000000000000F83DFE3F3E3F1F3E91
:109390000F3C0F3C0F3C0F3C0F3C0F3C1F3C1E3E54
:1093A0003E3FFC3FF83F003C003C003C003C003CA2
:1093B000000000000000000000000000EE07FE1F9B
:1093C0007E3E1E3C1E7C1E781E781E781E781E78FF
:1093D0001E7C3E7C7E3EFE1FDE0F1E001E001E0019
:1093E0001E001E0000000000000000000000000041
:1093F0007F1FFF1FE71FC71F871F001F001F001FC2
:10940000001F001F001F001F001F001F001F000083
:10941000000000000000000000000000000000004C
:1094200000000000FC07FE1F0E1E003E003E003F35
:10943000E01FFC07FE003E001E001E003E3CFC3FFD
:10944000F01F00000000000000000000000000000D
:109450000000800780078007FF7FFF7F800780076D
:1094600080078007800780078007800780078007C4
:10947000C007FF03FF010000000000000000000023
:109480000000000000000000000000001E3C1E3C28
:109490001E3C1E3C1E3C1E3C1E3C1E3C1E3C1E3CFC
:1094A0003E3C7E3CFE3EFE1FDE0F00000000000042
:1094B00000000000000000000000000000000000AC
:1094C00007F00F780F781E3C1E3C1E3E3C1E3C1ED3
:1094D000780F780FF00FF007F007E003E0030000CB
:1094E000000000000000000000000000000000007C
:1094F0000000000003F0E3F1E3F3E7F3F7F3F7F321
:10950000F77F777F7F7F7F7F7F7F3E3E3E3E3E3E81
:109510003E3E0000000000000000000000000000CF
:1095200000000000000000000F7C1E3E3C3E3C1F7F
:10953000F80FF007F007E003F007F807F80F7C1EBC
:109540003E3E1F3C1F7800000000000000000000AD
:1095500000000000000000000000000007F80F7885
:109560000F7C1E3C1E3C3C1E3C1E3C1F780FF80F1F
:10957000F007F007E003E003C003C003C003800767
:10958000800F007F000000000000000000000000CD
:10959000FF3FFF3F1F003E007C00F800F001E003AA
:1095A000C007800F001F001E003CFF7FFF7F0000F0
:1095B0000000000000000000FE01E003C003C00343
:1095C000C003C003E001E001E001C001C003803F2F
:1095D000803FC003C001E001E001E001C003C0031F
:1095E000C003C003E003FE017E000000C001C00113
:1095F000C001C001C001C001C001C001C001C00163
:10960000C001C001C001C001C001C001C001C00152
:10961000C001C001C001C001C001C001C001000003
:10962000C03FE003E001E001E001E001C001C00350
:10963000C003C001E001FE00FE00E001C001C00364
:10964000C003C001E001E001E001E001E003C03F30
:10965000003F0000000000000000000000000000CB
:1096600000000000000000000000073FC77FE77314
:10967000FFF17EF00000000000000000000000008C
:1096800000000000000000000000000000000000DA
:10969000000000000000000000200020002000204A
:1096A000002000000020000000500050005000008A
:1096B00000000000000000000050005000F80050C2
:1096C00000F80050005000000020007800A000705A
:1096D000002800F00020000000C000C8001000209A
:1096E0000040009800180000004000A000A00040CA
:1096F00000A800900068000000300030002000400A
:1097000000000000000000000010002000400040A9
:109710000040002000100000004000200010001059
:109720000010002000400000002000A8007000F899
:10973000007000A80020000000000020002000F8B9
:1097400000200020000000000000000000000000D9
:10975000003000300020000000000000000000F891
:1097600000000000000000000000000000000000F9
:109770000000003000300000000000080010002051
:10978000004000800000000000700088009800A8E1
:1097900000C8008800700000002000600020002049
:1097A0000020002000700000007000880008007099
:1097B0000080008000F8000000F800080010003071
:1097C0000008008800700000001000300050009079
:1097D00000F800100010000000F8008000F0000801
:1097E000000800880070000000380040008000F091
:1097F000008800880070000000F8000800080010D1
:109800000020004000800000007000880088007088
:1098100000880088007000000070008800880078D0
:109820000008001000E00000000000000020000020
:1098300000200000000000000000000000200000E8
:109840000020002000400000000800100020004020
:1098500000200010000800000000000000F80000D8
:1098600000F8000000000000004000200010000888
:109870000010002000400000007000880008003048
:1098800000200000002000000070008800A800B840
:1098900000B00080007800000020005000880088A0
:1098A00000F800880088000000F00088008800F0C0
:1098B0000088008800F000000070008800800080B0
:1098C000008000880070000000F000880088008898
:1098D0000088008800F0000000F80080008000F0A0
:1098E0000080008000F8000000F80080008000F098
:1098F00000800080008000000078008800800080E8
:10990000009800880078000000880088008800F82F
:1099100000880088008800000070002000200020DF
:10992000002000200070000000380010001000101F
:1099300000100090006000000088009000A000C0AF
:1099400000A000900088000000800080008000805F
:109950000080008000F80000008800D800A800A85F
:1099600000A80088008800000088008800C800A8BF
:109970000098008800880000007000880088008837
:10998000008800880070000000F00088008800F067
:10999000008000800080000000700088008800883F
:1099A00000A800900068000000F00088008800F027
:1099B00000A0009000880000007000880080007007
:1099C000000800880070000000F800A800200020B7
:1099D0000020002000200000008800880088008807
:1099E00000880088007000000088008800880088D7
:1099F000008800500020000000880088008800A82F
:109A000000A800A800500000008800880050002036
:109A10000050008800880000008800880050002066
:109A2000002000200020000000F800080010007056
:109A30000040008000F80000007800400040004036
:109A4000004000400078000000000080004000203E
:109A5000001000080000000000780008000800085E
:109A60000008000800780000002000500088000076
:109A700000000000000000000000000000000000E6
:109A80000000000000F800000060006000200010EE
:109A90000000000000000000000000000060001056
:109AA00000700090007800000080008000B000C8C6
:109AB000008800C800B000000000000000700088AE
:109AC000008000880070000000080008006800980E
:109AD0000088009800680000000000000070008806
:109AE00000F80080007000000010002800200070C6
:109AF00000200020002000000000000000700098FE
:109B000000980068000800000080008000B000C8D5
:109B1000008800880088000000200000006000200D
:109B20000020002000700000001000000010001055
:109B3000001000900060000000800080009000A0F5
:109B400000C000A000900000006000200020002065
:109B500000200020007000000000000000D000A8DD
:109B600000A800A800A800000000000000B000C885
:109B70000088008800880000000000000070008855
:109B800000880088007000000000000000B000C8DD
:109B900000C800B0008000000000000000680098CD
:109BA00000980068000800000000000000B000C835
:109BB000008000800080000000000000007800802D
:109BC0000070000800F000000020002000F80020D5
:109BD000002000280010000000000000008800881D
:109BE00000880098006800000000000000880088DD
:109BF000008800500020000000000000008800885D
:109C000000A800A8005000000000000000880050DC
:109C1000002000500088000000000000008800883C
:109C200000780008008800000000000000F8001024
:109C30000020004000F8000000100020002000403C
:109C40000020002000100000002000200020000064
:109C50000020002000200000004000200020001014
:109C60000020002000400000004000A8001000007C
:109C700000000000000000000000000000000000E4
:109C800000000000000000000000000000000000D4
:109C900000000000000000000000000000000000C4
:109CA00000000000000000008003800380038003A8
:109CB000800380038003800380038003800380038C
:109CC000000000000000000000000000800380038E
:109CD0008003000000000000701C701C701C701CD1
:109CE000701C701C701C701C701C000000000000B8
:109CF0000000000000000000000000000000000064
:109D00000000000000000000701C701C701C701C23
:109D1000701C701CFEFFFEFFFEFF701C701C701C90
:109D2000FEFFFEFFFEFF701C701C701C701C701C80
:109D3000701C000000000000800380038003FE1FF1
:109D4000FE1FFE1F80E380E380E3F01FF01FF01F83
:109D50008E038E038E03F0FFF0FFF0FF800380037D
:109D6000800300000000000000FC00FC00FC0EFC72
:109D70000EFC0EFC700070007000800380038003F6
:109D8000001C001C001C7EE07EE07EE07E007E0069
:109D90007E00000000000000801F801F801F70E018
:109DA00070E070E080E380E380E3001C001C001C96
:109DB0008EE38EE38EE370E070E070E08E1F8E1F06
:109DC0008E1F000000000000F003F003F00370009D
:109DD000700070008003800380030000000000001A
:109DE0000000000000000000000000000000000073
:109DF0000000000000000000700070007000800390
:109E000080038003001C001C001C001C001C001CA4
:109E1000001C001C001C8003800380037000700085
:109E20007000000000000000001C001C001C8003EB
:109E3000800380037000700070007000700070007C
:109E4000700070007000800380038003001C001C01
:109E5000001C000000000000000000000000800363
:109E6000800380038EE38EE38EE3F01FF01FF01F6C
:109E70008EE38EE38EE38003800380030000000006
:109E8000000000000000000000000000000080034F
:109E900080038003800380038003FEFFFEFFFEFF3C
:109EA00080038003800380038003800300000000A0
:109EB00000000000000000000000000000000000A2
:109EC0000000000000000000000000000000000092
:109ED000F003F003F0037000700070008003800353
:109EE00080030000000000000000000000000000EF
:109EF00000000000000000000000FEFFFEFFFEFF6B
:109F00000000000000000000000000000000000051
:109F10000000000000000000000000000000000041
:109F20000000000000000000000000000000000031
:109F3000000000000000F003F003F003F003F00362
:109F4000F0030000000000000000000000000E0010
:109F50000E000E007000700070008003800380030C
:109F6000001C001C001C00E000E000E000000000FD
:109F70000000000000000000F01FF01FF01F0EE0C6
:109F80000EE00EE07EE07EE07EE08EE38EE38EE388
:109F90000EFC0EFC0EFC0EE00EE00EE0F01FF01FBB
:109FA000F01F000000000000800380038003801F7A
:109FB000801F801F80038003800380038003800351
:109FC000800380038003800380038003F01FF01F61
:109FD000F01F000000000000F01FF01FF01F0EE057
:109FE0000EE00EE00E000E000E007000700070001B
:109FF000800380038003001C001C001CFEFFFEFF8A
:10A00000FEFF000000000000FEFFFEFFFEFF7000EC
:10A010007000700080038003800370007000700087
:10A020000E000E000E000EE00EE00EE0F01FF01F1E
:10A03000F01F000000000000700070007000F003CE
:10A04000F003F003701C701C701C70E070E070E096
:10A05000FEFFFEFFFEFF70007000700070007000D9
:10A060007000000000000000FEFFFEFFFEFF00E0A9
:10A0700000E000E0F0FFF0FFF0FF0E000E000E0029
:10A080000E000E000E000EE00EE00EE0F01FF01FBE
:10A09000F01F000000000000F003F003F003001CBC
:10A0A000001C001C00E000E000E0F0FFF0FFF0FF0B
:10A0B0000EE00EE00EE00EE00EE00EE0F01FF01FEE
:10A0C000F01F000000000000FEFFFEFFFEFF0EE09C
:10A0D0000EE00EE00E000E000E007000700070002A
:10A0E0008003800380038003800380038003800358
:10A0F0008003000000000000F01FF01FF01F0EE0C2
:10A100000EE00EE00EE00EE00EE0F01FF01FF01F7C
:10A110000EE00EE00EE00EE00EE00EE0F01FF01F8D
:10A12000F01F000000000000F01FF01FF01F0EE005
:10A130000EE00EE00EE00EE00EE0FE1FFE1FFE1F22
:10A140000E000E000E00700070007000801F801F57
:10A15000801F000000000000000000000000801FC1
:10A16000801F801F801F801F801F000000000000D4
:10A17000801F801F801F801F801F801F0000000025
:10A180000000000000000000000000000000801F30
:10A19000801F801F801F801F801F000000000000A4
:10A1A000801F801F801F800380038003001C001C11
:10A1B000001C0000000000007000700070008003B0
:10A1C00080038003001C001C001C00E000E000E095
:10A1D000001C001C001C80038003800370007000C2
:10A1E00070000000000000000000000000000000FF
:10A1F00000000000FEFFFEFFFEFF00000000000068
:10A20000FEFFFEFFFEFF0000000000000000000057
:10A21000000000000000000000E000E000E0001C82
:10A22000001C001C8003800380037000700070001D
:10A23000800380038003001C001C001C00E000E081
:10A2400000E0000000000000F01FF01FF01F0EE013
:10A250000EE00EE00E000E000E00700070007000A8
:10A26000800380038003000000000000800380035F
:10A270008003000000000000F01FF01FF01F0EE040
:10A280000EE00EE00E000E000E008E1F8E1F8E1FC1
:10A290008EE38EE38EE38EE38EE38EE3F01FF01FFA
:10A2A000F01F000000000000800380038003701C8A
:10A2B000701C701C0EE00EE00EE00EE00EE00EE0F2
:10A2C000FEFFFEFFFEFF0EE00EE00EE00EE00EE0F1
:10A2D0000EE0000000000000F0FFF0FFF0FF0EE0D5
:10A2E0000EE00EE00EE00EE00EE0F0FFF0FFF0FFFB
:10A2F0000EE00EE00EE00EE00EE00EE0F0FFF0FFEC
:10A30000F0FF000000000000F01FF01FF01F0EE043
:10A310000EE00EE000E000E000E000E000E000E021
:10A3200000E000E000E00EE00EE00EE0F01FF01FA5
:10A33000F01F00000000000080FF80FF80FF70E041
:10A3400070E070E00EE00EE00EE00EE00EE00EE0D9
:10A350000EE00EE00EE070E070E070E080FF80FF45
:10A3600080FF000000000000FEFFFEFFFEFF00E097
:10A3700000E000E000E000E000E0F0FFF0FFF0FFB0
:10A3800000E000E000E000E000E000E0FEFFFEFF93
:10A39000FEFF000000000000FEFFFEFFFEFF00E0E9
:10A3A00000E000E000E000E000E0F0FFF0FFF0FF80
:10A3B00000E000E000E000E000E000E000E000E09D
:10A3C00000E0000000000000F01FF01FF01F0EE092
:10A3D0000EE00EE000E000E000E0FEE3FEE3FEE35E
:10A3E0000EE00EE00EE00EE00EE00EE0FE1FFE1F9F
:10A3F000FE1F0000000000000EE00EE00EE00EE088
:10A400000EE00EE00EE00EE00EE0FEFFFEFFFEFFAF
:10A410000EE00EE00EE00EE00EE00EE00EE00EE0CC
:10A420000EE0000000000000F01FF01FF01F80038E
:10A430008003800380038003800380038003800304
:10A44000800380038003800380038003F01FF01FDC
:10A45000F01F000000000000FE03FE03FE0370007A
:10A46000700070007000700070007000700070006C
:10A4700070007000700070E070E070E0801F801F5E
:10A48000801F0000000000000EE00EE00EE070E013
:10A4900070E070E080E380E380E300FC00FC00FCFF
:10A4A00080E380E380E370E070E070E00EE00EE0B7
:10A4B0000EE000000000000000E000E000E000E02E
:10A4C00000E000E000E000E000E000E000E000E08C
:10A4D00000E000E000E000E000E000E0FEFFFEFF42
:10A4E000FEFF0000000000000EE00EE00EE07EFC2B
:10A4F0007EFC7EFC8EE38EE38EE38EE38EE38EE3C2
:10A500000EE00EE00EE00EE00EE00EE00EE00EE0DB
:10A510000EE00000000000000EE00EE00EE00EE095
:10A520000EE00EE00EFC0EFC0EFC8EE38EE38EE3DE
:10A530007EE07EE07EE00EE00EE00EE00EE00EE05B
:10A540000EE0000000000000F01FF01FF01F0EE002
:10A550000EE00EE00EE00EE00EE00EE00EE00EE08B
:10A560000EE00EE00EE00EE00EE00EE0F01FF01F39
:10A57000F01F000000000000F0FFF0FFF0FF0EE011
:10A580000EE00EE00EE00EE00EE0F0FFF0FFF0FF58
:10A5900000E000E000E000E000E000E000E000E0BB
:10A5A00000E0000000000000F01FF01FF01F0EE0B0
:10A5B0000EE00EE00EE00EE00EE00EE00EE00EE02B
:10A5C0008EE38EE38EE370E070E070E08E1F8E1FEE
:10A5D0008E1F000000000000F0FFF0FFF0FF0EE013
:10A5E0000EE00EE00EE00EE00EE0F0FFF0FFF0FFF8
:10A5F00080E380E380E370E070E070E00EE00EE066
:10A600000EE0000000000000F01FF01FF01F0EE041
:10A610000EE00EE000E000E000E0F01FF01FF01F91
:10A620000E000E000E000EE00EE00EE0F01FF01F18
:10A63000F01F000000000000FEFFFEFFFEFF800391
:10A6400080038003800380038003800380038003F2
:10A6500080038003800380038003800380038003E2
:10A6600080030000000000000EE00EE00EE00EE0AF
:10A670000EE00EE00EE00EE00EE00EE00EE00EE06A
:10A680000EE00EE00EE00EE00EE00EE0F01FF01F18
:10A69000F01F0000000000000EE00EE00EE00EE0F3
:10A6A0000EE00EE00EE00EE00EE00EE00EE00EE03A
:10A6B0000EE00EE00EE0701C701C701C8003800326
:10A6C00080030000000000000EE00EE00EE00EE04F
:10A6D0000EE00EE00EE00EE00EE08EE38EE38EE381
:10A6E0008EE38EE38EE38EE38EE38EE3701C701CAC
:10A6F000701C0000000000000EE00EE00EE00EE016
:10A700000EE00EE0701C701C701C80038003800340
:10A71000701C701C701C0EE00EE00EE00EE00EE0EF
:10A720000EE00000000000000EE00EE00EE00EE083
:10A730000EE00EE00EE00EE00EE0701C701C701CCF
:10A7400080038003800380038003800380038003F1
:10A750008003000000000000FEFFFEFFFEFF0E0071
:10A760000E000E00700070007000800380038003F4
:10A77000001C001C001C00E000E000E0FEFFFEFFEB
:10A78000FEFF000000000000F01FF01FF01F001C83
:10A79000001C001C001C001C001C001C001C001CD9
:10A7A000001C001C001C001C001C001CF01FF01FE3
:10A7B000F01F00000000000000000000000000E0AA
:10A7C00000E000E0001C001C001C800380038003EC
:10A7D0007000700070000E000E000E0000000000FF
:10A7E0000000000000000000F01FF01FF01F7000CC
:10A7F00070007000700070007000700070007000D9
:10A80000700070007000700070007000F01FF01F8A
:10A81000F01F000000000000800380038003701C14
:10A82000701C701C0EE00EE00EE000000000000046
:10A830000000000000000000000000000000000018
:10A840000000000000000000000000000000000008
:10A8500000000000000000000000000000000000F8
:10A86000000000000000000000000000FEFFFEFFEE
:10A87000FEFF000000000000001C001C001C800304
:10A880008003800370007000700000000000000072
:10A8900000000000000000000000000000000000B8
:10A8A00000000000000000000000000000000000A8
:10A8B00000000000F01FF01FF01F0E000E000E0041
:10A8C000FE1FFE1FFE1F0EE00EE00EE0FE1FFE1F2D
:10A8D000FE1F00000000000000E000E000E000E0DB
:10A8E00000E000E0F0E3F0E3F0E30EFC0EFC0EFC11
:10A8F0000EE00EE00EE00EE00EE00EE0F0FFF0FFE6
:10A90000F0FF000000000000000000000000000058
:10A9100000000000F01FF01FF01F00E000E000E06A
:10A9200000E000E000E00EE00EE00EE0F01FF01F9F
:10A93000F01F0000000000000E000E000E000E00D0
:10A940000E000E008E1F8E1F8E1F7EE07EE07EE0CA
:10A950000EE00EE00EE00EE00EE00EE0FE1FFE1F29
:10A96000FE1F0000000000000000000000000000CA
:10A9700000000000F01FF01FF01F0EE00EE00EE0E0
:10A98000FEFFFEFFFEFF00E000E000E0F01FF01F12
:10A99000F01F000000000000F003F003F0030E1CA5
:10A9A0000E1C0E1C001C001C001C80FF80FF80FF82
:10A9B000001C001C001C001C001C001C001C001CB7
:10A9C000001C00000000000000000000000000006B
:10A9D00000000000FE1FFE1FFE1F0EE00EE00EE056
:10A9E000FE1FFE1FFE1F0E000E000E00F01FF01FC8
:10A9F000F01F00000000000000E000E000E000E0C8
:10AA000000E000E0F0E3F0E3F0E30EFC0EFC0EFCEF
:10AA10000EE00EE00EE00EE00EE00EE00EE00EE0C6
:10AA20000EE00000000000008003800380030000AF
:10AA300000000000800380038003801F801F801FB0
:10AA4000800380038003800380038003F01FF01FD6
:10AA5000F01F0000000000000E000E000E000000BD
:10AA6000000000007E007E007E000E000E000E0042
:10AA70000E000E000E000E1C0E1C0E1CF003F00348
:10AA8000F00300000000000000E000E000E000E053
:10AA900000E000E070E070E070E080E380E380E3DD
:10AAA00000FC00FC00FC80E380E380E370E070E0E9
:10AAB00070E0000000000000F003F003F0037000FD
:10AAC0007000700070007000700070007000700006
:10AAD000700070007000700070007000FE03FE03D4
:10AAE000FE03000000000000000000000000000065
:10AAF0000000000070FC70FC70FC8EE38EE38EE3BF
:10AB00008EE38EE38EE38EE38EE38EE38EE38EE3BD
:10AB10008EE30000000000000000000000000000C4
:10AB200000000000F0E3F0E3F0E30EFC0EFC0EFC8E
:10AB30000EE00EE00EE00EE00EE00EE00EE00EE0A5
:10AB40000EE0000000000000000000000000000017
:10AB500000000000F01FF01FF01F0EE00EE00EE0FE
:10AB60000EE00EE00EE00EE00EE00EE0F01FF01F33
:10AB7000F01F0000000000000000000000000000C6
:10AB800000000000F0FFF0FFF0FF0EE00EE00EE02E
:10AB9000F0FFF0FFF0FF00E000E000E000E000E088
:10ABA00000E00000000000000000000000000000C5
:10ABB000000000008E1F8E1F8E1F7EE07EE07EE074
:10ABC000FE1FFE1FFE1F0E000E000E000E000E00E8
:10ABD0000E00000000000000000000000000000067
:10ABE00000000000F0E3F0E3F0E30EFC0EFC0EFCCE
:10ABF00000E000E000E000E000E000E000E000E055
:10AC000000E0000000000000000000000000000064
:10AC100000000000F01FF01FF01F00E000E000E067
:10AC2000F01FF01FF01F0E000E000E00F0FFF0FFEF
:10AC3000F0FF000000000000001C001C001C001CB5
:10AC4000001C001C80FF80FF80FF001C001C001CFB
:10AC5000001C001C001C0E1C0E1C0E1CF003F0033C
:10AC6000F0030000000000000000000000000000F1
:10AC7000000000000EE00EE00EE00EE00EE00EE040
:10AC80000EE00EE00EE07EE07EE07EE08E1F8E1F86
:10AC90008E1F000000000000000000000000000007
:10ACA000000000000EE00EE00EE00EE00EE00EE010
:10ACB0000EE00EE00EE0701C701C701C8003800320
:10ACC0008003000000000000000000000000000001
:10ACD000000000000EE00EE00EE00EE00EE00EE0E0
:10ACE0008EE38EE38EE38EE38EE38EE3701C701CA6
:10ACF000701C0000000000000000000000000000C8
:10AD0000000000000EE00EE00EE0701C701C701CD5
:10AD1000800380038003701C701C701C0EE00EE02A
:10AD20000EE0000000000000000000000000000035
:10AD3000000000000EE00EE00EE00EE00EE00EE07F
:10AD4000FE1FFE1FFE1F0E000E000E00F01FF01F64
:10AD5000F01F0000000000000000000000000000E4
:10AD600000000000FEFFFEFFFEFF7000700070009C
:10AD7000800380038003001C001C001CFEFFFEFFFC
:10AD8000FEFF0000000000007000700070008003F3
:10AD900080038003800380038003001C001C001CD0
:10ADA00080038003800380038003800370007000B1
:10ADB0007000000000000000800380038003800317
:10ADC000800380038003800380038003800380036B
:10ADD000800380038003800380038003800380035B
:10ADE0008003000000000000001C001C001C800309
:10ADF0008003800380038003800370007000700074
:10AE0000800380038003800380038003001C001CF8
:10AE1000001C000000000000000000000000000016
:10AE2000000000008E1F8E1F8E1F70E070E070E02B
:10AE30000000000000000000000000000000000012
:10AE40000000000000000000000000000000000002
:10AE500000000000000000000000000000000000F2
:10AE600000000000000000000010001000100010A2
:10AE70000010001000100010000000000010000082
:10AE8000000000000000001800180018000000007A
:10AE900000000000000000000000000000000000B2
:10AEA00000000000800480048004C01F0009000925
:10AEB0000009C03F0009001200120000000000005D
:10AEC0000004000F801080100010000800078000B0
:10AED000800080108010000F0004000000000000BF
:10AEE000001C401280128012001D000170029004AC
:10AEF00090049008700000000000000000000006B0
:10AF0000000900110012000C000C40124011C0108A
:10AF10008010600F000000000000000000200020F2
:10AF20000020000000000000000000000000000001
:10AF300000000000000000000004000800100010E5
:10AF40000010001000100010001000100010001081
:10AF5000001000080004002000100008000800088D
:10AF600000080004000400040008000800080008AD
:10AF7000001000200000000800080029001E001436
:10AF800000120000000000000000000000000000AF
:10AF900000000000000000000004000400040004A1
:10AFA000C03F000400040004000400000000000092
:10AFB0000000000000000000000000000000000091
:10AFC0000000000000000010001000100000000051
:10AFD000000000000000000000000000003C000035
:10AFE0000000000000000000000000000000000061
:10AFF0000000000000000000000000000000000051
:10B00000000000100000000000000000000200022C
:10B0100000040004000400080008000800100010EC
:10B0200000100010000000000000000F80108010D1
:10B030008010801080108010801080108010000F11
:10B0400000000000000000000006001A00020002DC
:10B0500000020002000200020002000200020000E2
:10B06000000000000000000F801080108000000130
:10B0700000010002000400080010801F0000000012
:10B0800000000000000F801080108000800000078A
:10B090008001800080108010000F00000000000080
:10B0A000000000010003000500050009000900116F
:10B0B0000021C03F0001000100000000000000006E
:10B0C000800F001000100010000F80108000800022
:10B0D000801080080007000000000000000000034E
:10B0E000000C00100010001F8010801080108010D5
:10B0F0008010000F0000000000000000803F800072
:10B100000001000100010002000200040004000828
:10B1100000080000000000000000000F80108010F8
:10B1200080108010000F8019801080108010000F98
:10B130000000000000000000000F80108010801050
:10B1400080108010800F800080000001000E000041
:10B1500000000000000000000000000000100000DF
:10B1600000000000000000000000001000000000CF
:10B1700000000000000000000000001000000000BF
:10B18000000000000000000000100010001000008F
:10B19000000000000000000080000003000C001010
:10B1A000000C000380000000000000000000000010
:10B1B0000000000000000000801F00000000801F51
:10B1C000000000000000000000000000000000007F
:10B1D000000000000010000C000380000003000CC1
:10B1E000001000000000000000000000000E001130
:10B1F0000011000100010002000400040000000032
:10B20000000400000000000000000000F0010C0637
:10B210000408E21022112212221222122412DC113E
:10B2200000082004C0030000000600060005000915
:10B23000000980088010800F40104020202000006E
:10B24000000000000000801F80104010401080109F
:10B25000001FC010401040104010801F0000000070
:10B2600000000000800740082010001000100010AF
:10B2700000100010201040088007000000000000AF
:10B280000000800F400840082008200820082008FF
:10B29000200840084008800F000000000000000067
:10B2A000C00F0008000800080008800F0008000810
:10B2B00000080008C00F0000000000000000C00FE0
:10B2C0000008000800080008800F000800080008B7
:10B2D000000800080000000000000000800740088F
:10B2E0002010001000100010E01120102010200885
:10B2F000C00700000000000000002008200820080F
:10B3000020082008E00F2008200820082008200836
:10B31000000000000000000000080008000800080D
:10B3200000080008000800080008000800080000E5
:10B33000000000000000800080008000800080008D
:10B3400080008000801080100011000E00000000BE
:10B3500000000000600880080009000A000C000AD4
:10B36000000A0009800840082008000000000000D2
:10B370000000000800080008000800080008000895
:10B38000000800080008800F000000000000000016
:10B39000080808081808180C280C280C280A480A5D
:10B3A0004809880988080000000000000000200803
:10B3B0002008200C200C200A20092009A008600881
:10B3C000600820080000000000000000800740081E
:10B3D00020102010201020102010201020104008D5
:10B3E00080070000000000000000801F4010401097
:10B3F000401040104010801F00100010001000107E
:10B40000000000000000000080074008201020100D
:10B41000201020102010201020104008800740002D
:10B42000200000000000800F40084008400840084D
:10B430008008000F800880084008200800000000F5
:10B4400000000000800F401040100010000E80032C
:10B450004000400040104010800F0000000000003D
:10B460000000E03F000200020002000200020002B1
:10B4700000020002000200020000000000000000C4
:10B48000201020102010201020102010201020103C
:10B49000201040088007000000000000000020206D
:10B4A000402040108010801080080009000900052D
:10B4B0000006000600000000000000008210C2101C
:10B4C0004211441124112409240A280A180A0804E4
:10B4D00008040000000000000000402080108008E8
:10B4E00000090006000200050009800840106020E5
:10B4F0000000000000000000602040108010800864
:10B500000009000600020002000200020002000022
:10B51000000000000000C01F800080000001000249
:10B5200000020004000800100010C01F000000000E
:10B530000000001800100010001000100010001093
:10B540000010001000100010001000100018000083
:10B550000000002000200010001000080008000873
:10B56000000400040004000200020000000000606B
:10B5700000200020002000200020002000200020CB
:10B5800000200020002000200060000000000008D3
:10B59000000C001400120012000000000000000067
:10B5A000000000000000000000000000000000009B
:10B5B000000000000000000000000000000000008B
:10B5C0000000007E000000000000001000080000E5
:10B5D000000000000000000000000000000000006B
:10B5E0000000000000000000000000000000000F4C
:10B5F00080108000800F801080108011800E00006D
:10B60000000000000000001000100010001F80105B
:10B6100080108010801080108010001F000000003B
:10B6200000000000000000000000000F80108010EB
:10B630000010001000108010000F0000000000003B
:10B640000000800080008000800F8010801080103B
:10B65000801080108010800F0000000000000000AB
:10B66000000000000000000F80108010801F0010FC
:10B67000001000088007000000000000000600081D
:10B6800000100010001C001000100010001000102E
:10B69000001000100000000000000000000000008A
:10B6A0000000800F801080108010801080108010AB
:10B6B000800F80000011000F00000010001000102B
:10B6C000001780188010801080108010801080106B
:10B6D000000000000000000000100000000000104A
:10B6E00000100010001000100010001000100000EA
:10B6F00000000000000000200000000000200020EA
:10B700000020002000200020002000200020002039
:10B7100000C0000000100010001080110012001482
:10B72000001800140012001180100000000000003A
:10B730000000001000100010001000100010001099
:10B7400000100010001000100000000000000000B9
:10B750000000000000003817C41884108410841002
:10B76000841084108410000000000000000000001D
:10B7700000000000001780188010801080108010DA
:10B780008010801000000000000000000000000099
:10B790000000000F8010801080108010801080103A
:10B7A000000F00000000000000000000000000008A
:10B7B000001F801080108010801080108010001FEB
:10B7C0000010001000100000000000000000800FBA
:10B7D000801080108010801080108010800F8000FA
:10B7E000800080000000000000000000001600182B
:10B7F00000100010001000100010001000000000E9
:10B8000000000000000000000000000E0011001009
:10B81000000C000300010011000E000000000000F9
:10B820000000000000100010003C0010001000108C
:10B83000001000100010000C0000000000000000CC
:10B840000000000000008010801080108010801028
:10B8500080108010800F0000000000000000000039
:10B860000000000080200021001100120012000AD8
:10B87000000C0004000000000000000000000000B8
:10B880000000182110231013A012A014A014600CA3
:10B890004008000000000000000000000000000060
:10B8A00080210012000A000C000C000A0011802107
:10B8B00000000000000000000000000000008020E8
:10B8C0000021001100120012000A000C0004000404
:10B8D000000800180000000000000000001F000128
:10B8E00000020004000800100010801F000000008B
:10B8F0000000000600080008000800080008000812
:10B9000000100008000800080008000800080006F1
:10B9100000000010001000100010001000100010B7
:10B920000010001000100010001000100000002097
:10B9300000100010000800080008000800040008BB
:10B94000000800080008001000100020000000009F
:10B950000000000000000000200C2013C0110000B7
:10B96000000000000000000000000605060B0A0DA4
:10B970000B040707080A050605080A0A0A0A0A0A44
:10B980000A0A0A0A05050A0A0A09100B0B0C0C0B15
:10B990000B0C0D060A0C0A0F0D0C0B0C0C0B0B0CF0
:10B9A0000B100B0B0B0608050808060A0A0A0A0A00
:10B9B000080A0A050509050F0A0A0A0A0709070AFB
:10B9C000090D0909090705070C0000000608000019
:10B9D0008896000800000000070A0000746E000846
:10B9E000000000000B120000E075000800000000DD
:10B9F000101A00003C83000800000000101800002E
:10BA0000789C000800000000100F000048AE0008FD
:10BA10006AB9000834BA000800000020A401000040
:10BA2000A80900088CBA0008A4010020BC1D000071
:10BA300040610008413210420113127A149001B49F
:10BA400092FA0310803F3928091B1161F8089A996E
:10BA5000193F3333334021A31643180B8C439A9973
:10BA6000993FCDCCCC3D08E23E9A96289A7A0C01BB
:10BA7000512DE04D6250A82DC0749368080D11E05F
:0CBA800051B89EB8096748011100000091
:04000005080000ED02
:00000001FF
